#usda 1.0
(
    defaultPrim = "world"
    subLayers = [
        @camera_obstacles.usda@
    ]
)

def Xform "world"
{
    def "franka_table" (
        payload = @../../../RoboLab/assets/fixtures/franka_table.usd@
    )
    {
        token visibility = "invisible"
        quatd xformOp:orient = (6.123233995736766e-17, 0, 0, 1)
        double3 xformOp:translate = (-0.087, 0, 0)
    }

    def Xform "GroundPlane"
    {
        token visibility = "invisible"
        quatf xformOp:orient = (1, 0, 0, 0)
        float3 xformOp:scale = (1, 1, 1)
        double3 xformOp:translate = (0, 0, -0.7)
        uniform token[] xformOpOrder = ["xformOp:translate"]

        def Mesh "CollisionMesh"
        {
            uniform bool doubleSided = 0
            int[] faceVertexCounts = [4]
            int[] faceVertexIndices = [0, 1, 2, 3]
            normal3f[] normals = [(0, 0, 1), (0, 0, 1), (0, 0, 1), (0, 0, 1)]
            point3f[] points = [(-25, -25, 0), (25, -25, 0), (25, 25, 0), (-25, 25, 0)]
            color3f[] primvars:displayColor = [(0.5, 0.5, 0.5)]
            texCoord2f[] primvars:st = [(0, 0), (1, 0), (1, 1), (0, 1)] (
                interpolation = "varying"
            )
        }

        def Plane "CollisionPlane" (
            prepend apiSchemas = ["PhysicsCollisionAPI"]
        )
        {
            uniform token axis = "Z"
            uniform token purpose = "guide"
        }
    }

    def Xform "table" (
        prepend apiSchemas = ["PhysicsRigidBodyAPI"]
    )
    {
        bool physics:kinematicEnabled = 1
        bool physics:rigidBodyEnabled = 1
        double3 xformOp:translate = (0.5700000000000001, 0, -0.015)
        uniform token[] xformOpOrder = ["xformOp:translate"]

        def Cube "geom" (
            prepend apiSchemas = ["PhysicsCollisionAPI"]
        )
        {
            float3[] extent = [(-1, -1, -1), (1, 1, 1)]
            custom rel material:binding:physics = </world/table/PhysicsMaterial>
            double size = 2
            float3 xformOp:scale = (0.45, 0.45, 0.015)
            uniform token[] xformOpOrder = ["xformOp:scale"]
        }

        def Material "PhysicsMaterial" (
            prepend apiSchemas = ["PhysicsMaterialAPI"]
        )
        {
            float physics:dynamicFriction = 0.5
            float physics:restitution = 0
            float physics:staticFriction = 0.5
        }

        def Cube "foam_mat" (
            prepend apiSchemas = ["PhysicsCollisionAPI", "MaterialBindingAPI"]
        )
        {
            float3[] extent = [(-1, -1, -1), (1, 1, 1)]
            rel material:binding = </world/table/surface_mat>
            custom rel material:binding:physics = </world/table/PhysicsMaterial>
            double size = 2
            token visibility = "invisible"
            float3 xformOp:scale = (0.45, 0.45, 0.016)
            double3 xformOp:translate = (0, 0, 0.031)
            uniform token[] xformOpOrder = ["xformOp:translate", "xformOp:scale"]
        }

        def Material "surface_mat"
        {
            token outputs:surface.connect = </world/table/surface_mat/surface.outputs:surface>

            def Shader "surface"
            {
                uniform token info:id = "UsdPreviewSurface"
                color3f inputs:diffuseColor = (0.52, 0.53, 0.51)
                float inputs:metallic = 0
                float inputs:roughness = 0.92
                token outputs:surface
            }
        }

        def Mesh "foam_tile_0_0" (
            prepend apiSchemas = ["MaterialBindingAPI"]
        )
        {
            int[] faceVertexCounts = [3, 3, 3, 3, 3, 3, 3, 3, 3, 3, 3, 3, 3, 3, 3, 3, 3, 3, 3, 3, 3, 3, 3, 3, 3, 3, 3, 3, 3, 3, 3, 3, 3, 3, 3, 3, 3, 3, 3, 3, 3, 3, 3, 3, 3, 3, 3, 3, 3, 3, 3, 3, 3, 3, 3, 3, 3, 3, 3, 3, 3, 3, 3, 3, 3, 3, 3, 3, 3, 3, 3, 3, 3, 3, 3, 3, 3, 3, 3, 3, 3, 3, 4, 4, 4, 4, 4, 4, 4, 4, 4, 4, 4, 4, 4, 4, 4, 4, 4, 4, 4, 4, 4, 4, 4, 4, 4, 4, 4, 4, 4, 4, 4, 4, 4, 4, 4, 4, 4, 4, 4, 4, 4, 4, 4, 4, 4, 4, 4, 4, 4, 4, 4, 4, 4, 4, 4, 4, 4, 4, 4, 4, 4, 4, 4, 4, 4, 4, 4, 4, 4, 4, 4, 4, 4, 4, 4, 4, 4, 4, 4, 4, 4, 4, 4, 4]
            int[] faceVertexIndices = [1, 2, 3, 1, 3, 4, 5, 6, 7, 5, 7, 8, 9, 10, 11, 9, 11, 12, 13, 14, 15, 13, 15, 16, 17, 18, 19, 17, 19, 20, 20, 21, 22, 17, 20, 22, 16, 17, 22, 13, 16, 22, 12, 13, 22, 9, 12, 22, 8, 9, 22, 5, 8, 22, 4, 5, 22, 1, 4, 22, 0, 1, 22, 22, 23, 24, 22, 24, 25, 0, 22, 25, 0, 25, 26, 26, 27, 28, 26, 28, 29, 30, 31, 32, 30, 32, 33, 34, 35, 36, 34, 36, 37, 38, 39, 40, 38, 40, 41, 42, 43, 44, 41, 42, 44, 38, 41, 44, 37, 38, 44, 34, 37, 44, 33, 34, 44, 30, 33, 44, 29, 30, 44, 26, 29, 44, 26, 44, 45, 45, 46, 47, 45, 47, 48, 26, 45, 48, 26, 48, 49, 49, 50, 51, 26, 49, 51, 26, 51, 52, 26, 52, 53, 53, 54, 55, 26, 53, 55, 26, 55, 56, 26, 56, 57, 57, 58, 59, 26, 57, 59, 26, 59, 60, 26, 60, 61, 61, 62, 63, 61, 63, 64, 61, 64, 65, 26, 61, 65, 26, 65, 66, 26, 66, 67, 67, 68, 69, 26, 67, 69, 26, 69, 70, 26, 70, 71, 71, 72, 73, 26, 71, 73, 26, 73, 74, 74, 75, 76, 74, 76, 77, 26, 74, 77, 26, 77, 78, 78, 79, 80, 78, 80, 81, 26, 78, 81, 26, 81, 82, 0, 26, 82, 0, 82, 83, 0, 1, 85, 84, 1, 2, 86, 85, 2, 3, 87, 86, 3, 4, 88, 87, 4, 5, 89, 88, 5, 6, 90, 89, 6, 7, 91, 90, 7, 8, 92, 91, 8, 9, 93, 92, 9, 10, 94, 93, 10, 11, 95, 94, 11, 12, 96, 95, 12, 13, 97, 96, 13, 14, 98, 97, 14, 15, 99, 98, 15, 16, 100, 99, 16, 17, 101, 100, 17, 18, 102, 101, 18, 19, 103, 102, 19, 20, 104, 103, 20, 21, 105, 104, 21, 22, 106, 105, 22, 23, 107, 106, 23, 24, 108, 107, 24, 25, 109, 108, 25, 26, 110, 109, 26, 27, 111, 110, 27, 28, 112, 111, 28, 29, 113, 112, 29, 30, 114, 113, 30, 31, 115, 114, 31, 32, 116, 115, 32, 33, 117, 116, 33, 34, 118, 117, 34, 35, 119, 118, 35, 36, 120, 119, 36, 37, 121, 120, 37, 38, 122, 121, 38, 39, 123, 122, 39, 40, 124, 123, 40, 41, 125, 124, 41, 42, 126, 125, 42, 43, 127, 126, 43, 44, 128, 127, 44, 45, 129, 128, 45, 46, 130, 129, 46, 47, 131, 130, 47, 48, 132, 131, 48, 49, 133, 132, 49, 50, 134, 133, 50, 51, 135, 134, 51, 52, 136, 135, 52, 53, 137, 136, 53, 54, 138, 137, 54, 55, 139, 138, 55, 56, 140, 139, 56, 57, 141, 140, 57, 58, 142, 141, 58, 59, 143, 142, 59, 60, 144, 143, 60, 61, 145, 144, 61, 62, 146, 145, 62, 63, 147, 146, 63, 64, 148, 147, 64, 65, 149, 148, 65, 66, 150, 149, 66, 67, 151, 150, 67, 68, 152, 151, 68, 69, 153, 152, 69, 70, 154, 153, 70, 71, 155, 154, 71, 72, 156, 155, 72, 73, 157, 156, 73, 74, 158, 157, 74, 75, 159, 158, 75, 76, 160, 159, 76, 77, 161, 160, 77, 78, 162, 161, 78, 79, 163, 162, 79, 80, 164, 163, 80, 81, 165, 164, 81, 82, 166, 165, 82, 83, 167, 166, 83, 0, 84, 167]
            rel material:binding = </world/table/surface_texture_mat_0_0>
            point3f[] points = [(-0.48534125, -0.42695436, 0.0471), (-0.46701342, -0.42721143, 0.0471), (-0.4736358, -0.44611663, 0.0471), (-0.43698013, -0.44663078, 0.0471), (-0.44306964, -0.42754728, 0.0471), (-0.40641397, -0.42806146, 0.0471), (-0.41303635, -0.44696665, 0.0471), (-0.37638068, -0.4474808, 0.0471), (-0.3824702, -0.4283973, 0.0471), (-0.34581453, -0.42891145, 0.0471), (-0.3524369, -0.44781664, 0.0471), (-0.31578124, -0.44833082, 0.0471), (-0.32187074, -0.42924732, 0.0471), (-0.28521508, -0.42976147, 0.0471), (-0.29183745, -0.44866666, 0.0471), (-0.2551818, -0.44918084, 0.0471), (-0.26127133, -0.4300973, 0.0471), (-0.22461565, -0.4306115, 0.0471), (-0.23123802, -0.44951668, 0.0471), (-0.19458234, -0.45003083, 0.0471), (-0.20067187, -0.43094733, 0.0471), (-0.19197342, -0.44050977, 0.0471), (-0.191607, -0.42236996, 0.0471), (-0.17274173, -0.42904434, 0.0471), (-0.1720089, -0.39276472, 0.0471), (-0.19112831, -0.39867184, 0.0471), (-0.19039547, -0.36239222, 0.0471), (-0.1715302, -0.3690666, 0.0471), (-0.17079736, -0.33278698, 0.0471), (-0.18991679, -0.3386941, 0.0471), (-0.18918395, -0.30241448, 0.0471), (-0.17031868, -0.30908886, 0.0471), (-0.16958584, -0.27280924, 0.0471), (-0.18870525, -0.27871633, 0.0471), (-0.18797243, -0.24243672, 0.0471), (-0.16910715, -0.2491111, 0.0471), (-0.16837431, -0.21283148, 0.0471), (-0.18749373, -0.21873859, 0.0471), (-0.18676089, -0.18245897, 0.0471), (-0.16789562, -0.18913335, 0.0471), (-0.16716279, -0.15285373, 0.0471), (-0.1862822, -0.15876083, 0.0471), (-0.17631754, -0.13131529, 0.0471), (-0.19467707, -0.13111797, 0.0471), (-0.18851428, -0.15018152, 0.0471), (-0.22523335, -0.14978689, 0.0471), (-0.21866226, -0.1308602, 0.0471), (-0.25538135, -0.13046557, 0.0471), (-0.24921854, -0.14952911, 0.0471), (-0.2859376, -0.14913449, 0.0471), (-0.27936652, -0.13020779, 0.0471), (-0.3160856, -0.12981316, 0.0471), (-0.30992278, -0.14887671, 0.0471), (-0.34664187, -0.14848208, 0.0471), (-0.34007078, -0.12955539, 0.0471), (-0.37678987, -0.12916076, 0.0471), (-0.37062708, -0.14822431, 0.0471), (-0.40734613, -0.14782968, 0.0471), (-0.40077505, -0.12890299, 0.0471), (-0.43749413, -0.12850836, 0.0471), (-0.43133134, -0.1475719, 0.0471), (-0.4680504, -0.14717728, 0.0471), (-0.4614793, -0.12825058, 0.0471), (-0.4894374, -0.13737503, 0.0471), (-0.4897721, -0.15545507, 0.0471), (-0.47066307, -0.14953667, 0.0471), (-0.47133252, -0.18569675, 0.0471), (-0.4902094, -0.17907512, 0.0471), (-0.49087882, -0.2152352, 0.0471), (-0.47176978, -0.2093168, 0.0471), (-0.47243923, -0.24547689, 0.0471), (-0.4913161, -0.23885526, 0.0471), (-0.49198553, -0.27501535, 0.0471), (-0.4728765, -0.26909694, 0.0471), (-0.47354594, -0.30525702, 0.0471), (-0.49242282, -0.2986354, 0.0471), (-0.49309224, -0.33479548, 0.0471), (-0.4739832, -0.3288771, 0.0471), (-0.47465265, -0.36503717, 0.0471), (-0.49352953, -0.35841554, 0.0471), (-0.49419895, -0.39457563, 0.0471), (-0.4750899, -0.3886572, 0.0471), (-0.47575936, -0.42481732, 0.0471), (-0.49463624, -0.41819566, 0.0471), (-0.48534125, -0.42695436, 0.0151), (-0.46701342, -0.42721143, 0.0151), (-0.4736358, -0.44611663, 0.0151), (-0.43698013, -0.44663078, 0.0151), (-0.44306964, -0.42754728, 0.0151), (-0.40641397, -0.42806146, 0.0151), (-0.41303635, -0.44696665, 0.0151), (-0.37638068, -0.4474808, 0.0151), (-0.3824702, -0.4283973, 0.0151), (-0.34581453, -0.42891145, 0.0151), (-0.3524369, -0.44781664, 0.0151), (-0.31578124, -0.44833082, 0.0151), (-0.32187074, -0.42924732, 0.0151), (-0.28521508, -0.42976147, 0.0151), (-0.29183745, -0.44866666, 0.0151), (-0.2551818, -0.44918084, 0.0151), (-0.26127133, -0.4300973, 0.0151), (-0.22461565, -0.4306115, 0.0151), (-0.23123802, -0.44951668, 0.0151), (-0.19458234, -0.45003083, 0.0151), (-0.20067187, -0.43094733, 0.0151), (-0.19197342, -0.44050977, 0.0151), (-0.191607, -0.42236996, 0.0151), (-0.17274173, -0.42904434, 0.0151), (-0.1720089, -0.39276472, 0.0151), (-0.19112831, -0.39867184, 0.0151), (-0.19039547, -0.36239222, 0.0151), (-0.1715302, -0.3690666, 0.0151), (-0.17079736, -0.33278698, 0.0151), (-0.18991679, -0.3386941, 0.0151), (-0.18918395, -0.30241448, 0.0151), (-0.17031868, -0.30908886, 0.0151), (-0.16958584, -0.27280924, 0.0151), (-0.18870525, -0.27871633, 0.0151), (-0.18797243, -0.24243672, 0.0151), (-0.16910715, -0.2491111, 0.0151), (-0.16837431, -0.21283148, 0.0151), (-0.18749373, -0.21873859, 0.0151), (-0.18676089, -0.18245897, 0.0151), (-0.16789562, -0.18913335, 0.0151), (-0.16716279, -0.15285373, 0.0151), (-0.1862822, -0.15876083, 0.0151), (-0.17631754, -0.13131529, 0.0151), (-0.19467707, -0.13111797, 0.0151), (-0.18851428, -0.15018152, 0.0151), (-0.22523335, -0.14978689, 0.0151), (-0.21866226, -0.1308602, 0.0151), (-0.25538135, -0.13046557, 0.0151), (-0.24921854, -0.14952911, 0.0151), (-0.2859376, -0.14913449, 0.0151), (-0.27936652, -0.13020779, 0.0151), (-0.3160856, -0.12981316, 0.0151), (-0.30992278, -0.14887671, 0.0151), (-0.34664187, -0.14848208, 0.0151), (-0.34007078, -0.12955539, 0.0151), (-0.37678987, -0.12916076, 0.0151), (-0.37062708, -0.14822431, 0.0151), (-0.40734613, -0.14782968, 0.0151), (-0.40077505, -0.12890299, 0.0151), (-0.43749413, -0.12850836, 0.0151), (-0.43133134, -0.1475719, 0.0151), (-0.4680504, -0.14717728, 0.0151), (-0.4614793, -0.12825058, 0.0151), (-0.4894374, -0.13737503, 0.0151), (-0.4897721, -0.15545507, 0.0151), (-0.47066307, -0.14953667, 0.0151), (-0.47133252, -0.18569675, 0.0151), (-0.4902094, -0.17907512, 0.0151), (-0.49087882, -0.2152352, 0.0151), (-0.47176978, -0.2093168, 0.0151), (-0.47243923, -0.24547689, 0.0151), (-0.4913161, -0.23885526, 0.0151), (-0.49198553, -0.27501535, 0.0151), (-0.4728765, -0.26909694, 0.0151), (-0.47354594, -0.30525702, 0.0151), (-0.49242282, -0.2986354, 0.0151), (-0.49309224, -0.33479548, 0.0151), (-0.4739832, -0.3288771, 0.0151), (-0.47465265, -0.36503717, 0.0151), (-0.49352953, -0.35841554, 0.0151), (-0.49419895, -0.39457563, 0.0151), (-0.4750899, -0.3886572, 0.0151), (-0.47575936, -0.42481732, 0.0151), (-0.49463624, -0.41819566, 0.0151)]
            texCoord2f[] primvars:st = [(0.96968186, 0.019984508), (0.9904927, 0.012815631), (0.9910587, 0.052496232), (0.96968186, 0.019984508), (0.9910587, 0.052496232), (0.9700516, 0.045904186), (0.9706176, 0.08558479), (0.99142843, 0.07841591), (0.99199444, 0.118096516), (0.9706176, 0.08558479), (0.99199444, 0.118096516), (0.97098726, 0.111504465), (0.97155327, 0.15118507), (0.9923641, 0.14401619), (0.9929301, 0.18369679), (0.97155327, 0.15118507), (0.9929301, 0.18369679), (0.971923, 0.17710474), (0.972489, 0.21678534), (0.99329984, 0.20961647), (0.9938658, 0.24929707), (0.972489, 0.21678534), (0.9938658, 0.24929707), (0.97285867, 0.24270502), (0.9734247, 0.28238562), (0.9942355, 0.27521676), (0.9948015, 0.31489736), (0.9734247, 0.28238562), (0.9948015, 0.31489736), (0.9737944, 0.3083053), (0.9737944, 0.3083053), (0.9843207, 0.31772158), (0.96435237, 0.31811824), (0.9734247, 0.28238562), (0.9737944, 0.3083053), (0.96435237, 0.31811824), (0.97285867, 0.24270502), (0.9734247, 0.28238562), (0.96435237, 0.31811824), (0.972489, 0.21678534), (0.97285867, 0.24270502), (0.96435237, 0.31811824), (0.971923, 0.17710474), (0.972489, 0.21678534), (0.96435237, 0.31811824), (0.97155327, 0.15118507), (0.971923, 0.17710474), (0.96435237, 0.31811824), (0.97098726, 0.111504465), (0.97155327, 0.15118507), (0.96435237, 0.31811824), (0.9706176, 0.08558479), (0.97098726, 0.111504465), (0.96435237, 0.31811824), (0.9700516, 0.045904186), (0.9706176, 0.08558479), (0.96435237, 0.31811824), (0.96968186, 0.019984508), (0.9700516, 0.045904186), (0.96435237, 0.31811824), (0.9693989, 0.00014420775), (0.96968186, 0.019984508), (0.96435237, 0.31811824), (0.96435237, 0.31811824), (0.97169954, 0.33854032), (0.93176293, 0.33933362), (0.96435237, 0.31811824), (0.93176293, 0.33933362), (0.9382655, 0.31863642), (0.9693989, 0.00014420775), (0.96435237, 0.31811824), (0.9382655, 0.31863642), (0.9693989, 0.00014420775), (0.9382655, 0.31863642), (0.8983289, 0.31942973), (0.8983289, 0.31942973), (0.905676, 0.33985183), (0.8657394, 0.34064513), (0.8983289, 0.31942973), (0.8657394, 0.34064513), (0.872242, 0.31994793), (0.8323054, 0.32074124), (0.83965254, 0.34116334), (0.7997159, 0.34195665), (0.8323054, 0.32074124), (0.7997159, 0.34195665), (0.80621845, 0.32125944), (0.76628184, 0.32205275), (0.773629, 0.34247485), (0.73369235, 0.34326816), (0.76628184, 0.32205275), (0.73369235, 0.34326816), (0.7401949, 0.32257095), (0.7002583, 0.32336426), (0.7076055, 0.34378636), (0.6676689, 0.34457967), (0.7002583, 0.32336426), (0.6676689, 0.34457967), (0.6741714, 0.32388246), (0.64395934, 0.33466944), (0.64374214, 0.3147948), (0.6647273, 0.32146618), (0.6741714, 0.32388246), (0.64395934, 0.33466944), (0.6647273, 0.32146618), (0.7002583, 0.32336426), (0.6741714, 0.32388246), (0.6647273, 0.32146618), (0.7401949, 0.32257095), (0.7002583, 0.32336426), (0.6647273, 0.32146618), (0.76628184, 0.32205275), (0.7401949, 0.32257095), (0.6647273, 0.32146618), (0.80621845, 0.32125944), (0.76628184, 0.32205275), (0.6647273, 0.32146618), (0.8323054, 0.32074124), (0.80621845, 0.32125944), (0.6647273, 0.32146618), (0.872242, 0.31994793), (0.8323054, 0.32074124), (0.6647273, 0.32146618), (0.8983289, 0.31942973), (0.872242, 0.31994793), (0.6647273, 0.32146618), (0.8983289, 0.31942973), (0.6647273, 0.32146618), (0.6642929, 0.28171694), (0.6642929, 0.28171694), (0.64345837, 0.2888303), (0.64302397, 0.24908106), (0.6642929, 0.28171694), (0.64302397, 0.24908106), (0.6640091, 0.25575244), (0.8983289, 0.31942973), (0.6642929, 0.28171694), (0.6640091, 0.25575244), (0.8983289, 0.31942973), (0.6640091, 0.25575244), (0.6635747, 0.2160032), (0.6635747, 0.2160032), (0.6427402, 0.22311655), (0.6423058, 0.18336731), (0.8983289, 0.31942973), (0.6635747, 0.2160032), (0.6423058, 0.18336731), (0.8983289, 0.31942973), (0.6423058, 0.18336731), (0.663291, 0.19003868), (0.8983289, 0.31942973), (0.663291, 0.19003868), (0.6628565, 0.15028945), (0.6628565, 0.15028945), (0.642022, 0.1574028), (0.6415876, 0.11765356), (0.8983289, 0.31942973), (0.6628565, 0.15028945), (0.6415876, 0.11765356), (0.8983289, 0.31942973), (0.6415876, 0.11765356), (0.6625728, 0.12432493), (0.8983289, 0.31942973), (0.6625728, 0.12432493), (0.6621384, 0.0845757), (0.6621384, 0.0845757), (0.6413039, 0.09168905), (0.64086944, 0.051939815), (0.8983289, 0.31942973), (0.6621384, 0.0845757), (0.64086944, 0.051939815), (0.8983289, 0.31942973), (0.64086944, 0.051939815), (0.6618546, 0.058611184), (0.8983289, 0.31942973), (0.6618546, 0.058611184), (0.6614202, 0.018861948), (0.6614202, 0.018861948), (0.6405857, 0.025975304), (0.6506299, -0.0042899693), (0.6614202, 0.018861948), (0.6506299, -0.0042899693), (0.6705324, -0.004652307), (0.6614202, 0.018861948), (0.6705324, -0.004652307), (0.66401744, 0.016033664), (0.8983289, 0.31942973), (0.6614202, 0.018861948), (0.66401744, 0.016033664), (0.8983289, 0.31942973), (0.66401744, 0.016033664), (0.70382243, 0.01530899), (0.8983289, 0.31942973), (0.70382243, 0.01530899), (0.6965334, -0.0051256698), (0.6965334, -0.0051256698), (0.7363384, -0.0058503444), (0.7298234, 0.014835627), (0.8983289, 0.31942973), (0.6965334, -0.0051256698), (0.7298234, 0.014835627), (0.8983289, 0.31942973), (0.7298234, 0.014835627), (0.76962847, 0.014110953), (0.8983289, 0.31942973), (0.76962847, 0.014110953), (0.76233935, -0.0063237078), (0.76233935, -0.0063237078), (0.8021444, -0.007048382), (0.79562944, 0.013637589), (0.8983289, 0.31942973), (0.76233935, -0.0063237078), (0.79562944, 0.013637589), (0.8983289, 0.31942973), (0.79562944, 0.013637589), (0.83543444, 0.012912915), (0.83543444, 0.012912915), (0.8281453, -0.0075217453), (0.8679504, -0.00824642), (0.83543444, 0.012912915), (0.8679504, -0.00824642), (0.8614354, 0.012439552), (0.8983289, 0.31942973), (0.83543444, 0.012912915), (0.8614354, 0.012439552), (0.8983289, 0.31942973), (0.8614354, 0.012439552), (0.90124047, 0.011714877), (0.90124047, 0.011714877), (0.89395136, -0.008719783), (0.93375635, -0.0094444575), (0.90124047, 0.011714877), (0.93375635, -0.0094444575), (0.9272414, 0.011241514), (0.8983289, 0.31942973), (0.90124047, 0.011714877), (0.9272414, 0.011241514), (0.8983289, 0.31942973), (0.9272414, 0.011241514), (0.96704644, 0.010516839), (0.9693989, 0.00014420775), (0.8983289, 0.31942973), (0.96704644, 0.010516839), (0.9693989, 0.00014420775), (0.96704644, 0.010516839), (0.9597573, -0.009917821), (0.9693989, 0.00014420775), (0.96968186, 0.019984508), (0.96968186, 0.019984508), (0.9693989, 0.00014420775), (0.96968186, 0.019984508), (0.9904927, 0.012815631), (0.9904927, 0.012815631), (0.96968186, 0.019984508), (0.9904927, 0.012815631), (0.9910587, 0.052496232), (0.9910587, 0.052496232), (0.9904927, 0.012815631), (0.9910587, 0.052496232), (0.9700516, 0.045904186), (0.9700516, 0.045904186), (0.9910587, 0.052496232), (0.9700516, 0.045904186), (0.9706176, 0.08558479), (0.9706176, 0.08558479), (0.9700516, 0.045904186), (0.9706176, 0.08558479), (0.99142843, 0.07841591), (0.99142843, 0.07841591), (0.9706176, 0.08558479), (0.99142843, 0.07841591), (0.99199444, 0.118096516), (0.99199444, 0.118096516), (0.99142843, 0.07841591), (0.99199444, 0.118096516), (0.97098726, 0.111504465), (0.97098726, 0.111504465), (0.99199444, 0.118096516), (0.97098726, 0.111504465), (0.97155327, 0.15118507), (0.97155327, 0.15118507), (0.97098726, 0.111504465), (0.97155327, 0.15118507), (0.9923641, 0.14401619), (0.9923641, 0.14401619), (0.97155327, 0.15118507), (0.9923641, 0.14401619), (0.9929301, 0.18369679), (0.9929301, 0.18369679), (0.9923641, 0.14401619), (0.9929301, 0.18369679), (0.971923, 0.17710474), (0.971923, 0.17710474), (0.9929301, 0.18369679), (0.971923, 0.17710474), (0.972489, 0.21678534), (0.972489, 0.21678534), (0.971923, 0.17710474), (0.972489, 0.21678534), (0.99329984, 0.20961647), (0.99329984, 0.20961647), (0.972489, 0.21678534), (0.99329984, 0.20961647), (0.9938658, 0.24929707), (0.9938658, 0.24929707), (0.99329984, 0.20961647), (0.9938658, 0.24929707), (0.97285867, 0.24270502), (0.97285867, 0.24270502), (0.9938658, 0.24929707), (0.97285867, 0.24270502), (0.9734247, 0.28238562), (0.9734247, 0.28238562), (0.97285867, 0.24270502), (0.9734247, 0.28238562), (0.9942355, 0.27521676), (0.9942355, 0.27521676), (0.9734247, 0.28238562), (0.9942355, 0.27521676), (0.9948015, 0.31489736), (0.9948015, 0.31489736), (0.9942355, 0.27521676), (0.9948015, 0.31489736), (0.9737944, 0.3083053), (0.9737944, 0.3083053), (0.9948015, 0.31489736), (0.9737944, 0.3083053), (0.9843207, 0.31772158), (0.9843207, 0.31772158), (0.9737944, 0.3083053), (0.9843207, 0.31772158), (0.96435237, 0.31811824), (0.96435237, 0.31811824), (0.9843207, 0.31772158), (0.96435237, 0.31811824), (0.97169954, 0.33854032), (0.97169954, 0.33854032), (0.96435237, 0.31811824), (0.97169954, 0.33854032), (0.93176293, 0.33933362), (0.93176293, 0.33933362), (0.97169954, 0.33854032), (0.93176293, 0.33933362), (0.9382655, 0.31863642), (0.9382655, 0.31863642), (0.93176293, 0.33933362), (0.9382655, 0.31863642), (0.8983289, 0.31942973), (0.8983289, 0.31942973), (0.9382655, 0.31863642), (0.8983289, 0.31942973), (0.905676, 0.33985183), (0.905676, 0.33985183), (0.8983289, 0.31942973), (0.905676, 0.33985183), (0.8657394, 0.34064513), (0.8657394, 0.34064513), (0.905676, 0.33985183), (0.8657394, 0.34064513), (0.872242, 0.31994793), (0.872242, 0.31994793), (0.8657394, 0.34064513), (0.872242, 0.31994793), (0.8323054, 0.32074124), (0.8323054, 0.32074124), (0.872242, 0.31994793), (0.8323054, 0.32074124), (0.83965254, 0.34116334), (0.83965254, 0.34116334), (0.8323054, 0.32074124), (0.83965254, 0.34116334), (0.7997159, 0.34195665), (0.7997159, 0.34195665), (0.83965254, 0.34116334), (0.7997159, 0.34195665), (0.80621845, 0.32125944), (0.80621845, 0.32125944), (0.7997159, 0.34195665), (0.80621845, 0.32125944), (0.76628184, 0.32205275), (0.76628184, 0.32205275), (0.80621845, 0.32125944), (0.76628184, 0.32205275), (0.773629, 0.34247485), (0.773629, 0.34247485), (0.76628184, 0.32205275), (0.773629, 0.34247485), (0.73369235, 0.34326816), (0.73369235, 0.34326816), (0.773629, 0.34247485), (0.73369235, 0.34326816), (0.7401949, 0.32257095), (0.7401949, 0.32257095), (0.73369235, 0.34326816), (0.7401949, 0.32257095), (0.7002583, 0.32336426), (0.7002583, 0.32336426), (0.7401949, 0.32257095), (0.7002583, 0.32336426), (0.7076055, 0.34378636), (0.7076055, 0.34378636), (0.7002583, 0.32336426), (0.7076055, 0.34378636), (0.6676689, 0.34457967), (0.6676689, 0.34457967), (0.7076055, 0.34378636), (0.6676689, 0.34457967), (0.6741714, 0.32388246), (0.6741714, 0.32388246), (0.6676689, 0.34457967), (0.6741714, 0.32388246), (0.64395934, 0.33466944), (0.64395934, 0.33466944), (0.6741714, 0.32388246), (0.64395934, 0.33466944), (0.64374214, 0.3147948), (0.64374214, 0.3147948), (0.64395934, 0.33466944), (0.64374214, 0.3147948), (0.6647273, 0.32146618), (0.6647273, 0.32146618), (0.64374214, 0.3147948), (0.6647273, 0.32146618), (0.6642929, 0.28171694), (0.6642929, 0.28171694), (0.6647273, 0.32146618), (0.6642929, 0.28171694), (0.64345837, 0.2888303), (0.64345837, 0.2888303), (0.6642929, 0.28171694), (0.64345837, 0.2888303), (0.64302397, 0.24908106), (0.64302397, 0.24908106), (0.64345837, 0.2888303), (0.64302397, 0.24908106), (0.6640091, 0.25575244), (0.6640091, 0.25575244), (0.64302397, 0.24908106), (0.6640091, 0.25575244), (0.6635747, 0.2160032), (0.6635747, 0.2160032), (0.6640091, 0.25575244), (0.6635747, 0.2160032), (0.6427402, 0.22311655), (0.6427402, 0.22311655), (0.6635747, 0.2160032), (0.6427402, 0.22311655), (0.6423058, 0.18336731), (0.6423058, 0.18336731), (0.6427402, 0.22311655), (0.6423058, 0.18336731), (0.663291, 0.19003868), (0.663291, 0.19003868), (0.6423058, 0.18336731), (0.663291, 0.19003868), (0.6628565, 0.15028945), (0.6628565, 0.15028945), (0.663291, 0.19003868), (0.6628565, 0.15028945), (0.642022, 0.1574028), (0.642022, 0.1574028), (0.6628565, 0.15028945), (0.642022, 0.1574028), (0.6415876, 0.11765356), (0.6415876, 0.11765356), (0.642022, 0.1574028), (0.6415876, 0.11765356), (0.6625728, 0.12432493), (0.6625728, 0.12432493), (0.6415876, 0.11765356), (0.6625728, 0.12432493), (0.6621384, 0.0845757), (0.6621384, 0.0845757), (0.6625728, 0.12432493), (0.6621384, 0.0845757), (0.6413039, 0.09168905), (0.6413039, 0.09168905), (0.6621384, 0.0845757), (0.6413039, 0.09168905), (0.64086944, 0.051939815), (0.64086944, 0.051939815), (0.6413039, 0.09168905), (0.64086944, 0.051939815), (0.6618546, 0.058611184), (0.6618546, 0.058611184), (0.64086944, 0.051939815), (0.6618546, 0.058611184), (0.6614202, 0.018861948), (0.6614202, 0.018861948), (0.6618546, 0.058611184), (0.6614202, 0.018861948), (0.6405857, 0.025975304), (0.6405857, 0.025975304), (0.6614202, 0.018861948), (0.6405857, 0.025975304), (0.6506299, -0.0042899693), (0.6506299, -0.0042899693), (0.6405857, 0.025975304), (0.6506299, -0.0042899693), (0.6705324, -0.004652307), (0.6705324, -0.004652307), (0.6506299, -0.0042899693), (0.6705324, -0.004652307), (0.66401744, 0.016033664), (0.66401744, 0.016033664), (0.6705324, -0.004652307), (0.66401744, 0.016033664), (0.70382243, 0.01530899), (0.70382243, 0.01530899), (0.66401744, 0.016033664), (0.70382243, 0.01530899), (0.6965334, -0.0051256698), (0.6965334, -0.0051256698), (0.70382243, 0.01530899), (0.6965334, -0.0051256698), (0.7363384, -0.0058503444), (0.7363384, -0.0058503444), (0.6965334, -0.0051256698), (0.7363384, -0.0058503444), (0.7298234, 0.014835627), (0.7298234, 0.014835627), (0.7363384, -0.0058503444), (0.7298234, 0.014835627), (0.76962847, 0.014110953), (0.76962847, 0.014110953), (0.7298234, 0.014835627), (0.76962847, 0.014110953), (0.76233935, -0.0063237078), (0.76233935, -0.0063237078), (0.76962847, 0.014110953), (0.76233935, -0.0063237078), (0.8021444, -0.007048382), (0.8021444, -0.007048382), (0.76233935, -0.0063237078), (0.8021444, -0.007048382), (0.79562944, 0.013637589), (0.79562944, 0.013637589), (0.8021444, -0.007048382), (0.79562944, 0.013637589), (0.83543444, 0.012912915), (0.83543444, 0.012912915), (0.79562944, 0.013637589), (0.83543444, 0.012912915), (0.8281453, -0.0075217453), (0.8281453, -0.0075217453), (0.83543444, 0.012912915), (0.8281453, -0.0075217453), (0.8679504, -0.00824642), (0.8679504, -0.00824642), (0.8281453, -0.0075217453), (0.8679504, -0.00824642), (0.8614354, 0.012439552), (0.8614354, 0.012439552), (0.8679504, -0.00824642), (0.8614354, 0.012439552), (0.90124047, 0.011714877), (0.90124047, 0.011714877), (0.8614354, 0.012439552), (0.90124047, 0.011714877), (0.89395136, -0.008719783), (0.89395136, -0.008719783), (0.90124047, 0.011714877), (0.89395136, -0.008719783), (0.93375635, -0.0094444575), (0.93375635, -0.0094444575), (0.89395136, -0.008719783), (0.93375635, -0.0094444575), (0.9272414, 0.011241514), (0.9272414, 0.011241514), (0.93375635, -0.0094444575), (0.9272414, 0.011241514), (0.96704644, 0.010516839), (0.96704644, 0.010516839), (0.9272414, 0.011241514), (0.96704644, 0.010516839), (0.9597573, -0.009917821), (0.9597573, -0.009917821), (0.96704644, 0.010516839), (0.9597573, -0.009917821), (0.9693989, 0.00014420775), (0.9693989, 0.00014420775), (0.9597573, -0.009917821)] (
                interpolation = "faceVarying"
            )
            uniform token subdivisionScheme = "none"
        }

        def Mesh "foam_tile_0_1" (
            prepend apiSchemas = ["MaterialBindingAPI"]
        )
        {
            int[] faceVertexCounts = [3, 3, 3, 3, 3, 3, 3, 3, 3, 3, 3, 3, 3, 3, 3, 3, 3, 3, 3, 3, 3, 3, 3, 3, 3, 3, 3, 3, 3, 3, 3, 3, 3, 3, 3, 3, 3, 3, 3, 3, 3, 3, 3, 3, 3, 3, 3, 3, 3, 3, 3, 3, 3, 3, 3, 3, 3, 3, 3, 3, 3, 3, 3, 3, 3, 3, 3, 3, 3, 3, 3, 3, 3, 3, 3, 3, 3, 3, 3, 3, 3, 3, 4, 4, 4, 4, 4, 4, 4, 4, 4, 4, 4, 4, 4, 4, 4, 4, 4, 4, 4, 4, 4, 4, 4, 4, 4, 4, 4, 4, 4, 4, 4, 4, 4, 4, 4, 4, 4, 4, 4, 4, 4, 4, 4, 4, 4, 4, 4, 4, 4, 4, 4, 4, 4, 4, 4, 4, 4, 4, 4, 4, 4, 4, 4, 4, 4, 4, 4, 4, 4, 4, 4, 4, 4, 4, 4, 4, 4, 4, 4, 4, 4, 4, 4, 4]
            int[] faceVertexIndices = [1, 2, 3, 1, 3, 4, 5, 6, 7, 5, 7, 8, 9, 10, 11, 9, 11, 12, 13, 14, 15, 13, 15, 16, 17, 18, 19, 17, 19, 20, 20, 21, 22, 17, 20, 22, 16, 17, 22, 13, 16, 22, 12, 13, 22, 9, 12, 22, 8, 9, 22, 5, 8, 22, 4, 5, 22, 1, 4, 22, 0, 1, 22, 22, 23, 24, 22, 24, 25, 0, 22, 25, 26, 27, 28, 26, 28, 29, 30, 31, 32, 30, 32, 33, 34, 35, 36, 34, 36, 37, 38, 39, 40, 38, 40, 41, 42, 43, 44, 41, 42, 44, 38, 41, 44, 37, 38, 44, 34, 37, 44, 33, 34, 44, 30, 33, 44, 29, 30, 44, 26, 29, 44, 25, 26, 44, 25, 44, 45, 45, 46, 47, 45, 47, 48, 25, 45, 48, 25, 48, 49, 49, 50, 51, 25, 49, 51, 25, 51, 52, 25, 52, 53, 53, 54, 55, 25, 53, 55, 25, 55, 56, 25, 56, 57, 57, 58, 59, 25, 57, 59, 25, 59, 60, 25, 60, 61, 61, 62, 63, 61, 63, 64, 61, 64, 65, 25, 61, 65, 25, 65, 66, 25, 66, 67, 67, 68, 69, 25, 67, 69, 25, 69, 70, 25, 70, 71, 71, 72, 73, 25, 71, 73, 25, 73, 74, 74, 75, 76, 74, 76, 77, 25, 74, 77, 25, 77, 78, 78, 79, 80, 78, 80, 81, 25, 78, 81, 25, 81, 82, 0, 25, 82, 0, 82, 83, 0, 1, 85, 84, 1, 2, 86, 85, 2, 3, 87, 86, 3, 4, 88, 87, 4, 5, 89, 88, 5, 6, 90, 89, 6, 7, 91, 90, 7, 8, 92, 91, 8, 9, 93, 92, 9, 10, 94, 93, 10, 11, 95, 94, 11, 12, 96, 95, 12, 13, 97, 96, 13, 14, 98, 97, 14, 15, 99, 98, 15, 16, 100, 99, 16, 17, 101, 100, 17, 18, 102, 101, 18, 19, 103, 102, 19, 20, 104, 103, 20, 21, 105, 104, 21, 22, 106, 105, 22, 23, 107, 106, 23, 24, 108, 107, 24, 25, 109, 108, 25, 26, 110, 109, 26, 27, 111, 110, 27, 28, 112, 111, 28, 29, 113, 112, 29, 30, 114, 113, 30, 31, 115, 114, 31, 32, 116, 115, 32, 33, 117, 116, 33, 34, 118, 117, 34, 35, 119, 118, 35, 36, 120, 119, 36, 37, 121, 120, 37, 38, 122, 121, 38, 39, 123, 122, 39, 40, 124, 123, 40, 41, 125, 124, 41, 42, 126, 125, 42, 43, 127, 126, 43, 44, 128, 127, 44, 45, 129, 128, 45, 46, 130, 129, 46, 47, 131, 130, 47, 48, 132, 131, 48, 49, 133, 132, 49, 50, 134, 133, 50, 51, 135, 134, 51, 52, 136, 135, 52, 53, 137, 136, 53, 54, 138, 137, 54, 55, 139, 138, 55, 56, 140, 139, 56, 57, 141, 140, 57, 58, 142, 141, 58, 59, 143, 142, 59, 60, 144, 143, 60, 61, 145, 144, 61, 62, 146, 145, 62, 63, 147, 146, 63, 64, 148, 147, 64, 65, 149, 148, 65, 66, 150, 149, 66, 67, 151, 150, 67, 68, 152, 151, 68, 69, 153, 152, 69, 70, 154, 153, 70, 71, 155, 154, 71, 72, 156, 155, 72, 73, 157, 156, 73, 74, 158, 157, 74, 75, 159, 158, 75, 76, 160, 159, 76, 77, 161, 160, 77, 78, 162, 161, 78, 79, 163, 162, 79, 80, 164, 163, 80, 81, 165, 164, 81, 82, 166, 165, 82, 83, 167, 166, 83, 0, 84, 167]
            rel material:binding = </world/table/surface_texture_mat_0_1>
            point3f[] points = [(-0.47983885, -0.12805326, 0.0471), (-0.4614793, -0.12825058, 0.0471), (-0.4680504, -0.14717728, 0.0471), (-0.43133134, -0.1475719, 0.0471), (-0.43749413, -0.12850836, 0.0471), (-0.40077505, -0.12890299, 0.0471), (-0.40734613, -0.14782968, 0.0471), (-0.37062708, -0.14822431, 0.0471), (-0.37678987, -0.12916076, 0.0471), (-0.34007078, -0.12955539, 0.0471), (-0.34664187, -0.14848208, 0.0471), (-0.30992278, -0.14887671, 0.0471), (-0.3160856, -0.12981316, 0.0471), (-0.27936652, -0.13020779, 0.0471), (-0.2859376, -0.14913449, 0.0471), (-0.24921854, -0.14952911, 0.0471), (-0.25538135, -0.13046557, 0.0471), (-0.21866226, -0.1308602, 0.0471), (-0.22523335, -0.14978689, 0.0471), (-0.18851428, -0.15018152, 0.0471), (-0.19467707, -0.13111797, 0.0471), (-0.18591452, -0.14056645, 0.0471), (-0.18545434, -0.12283224, 0.0471), (-0.1666241, -0.1294751, 0.0471), (-0.16570371, -0.09400667, 0.0471), (-0.18485314, -0.09966399, 0.0471), (-0.18393275, -0.06419555, 0.0471), (-0.16510251, -0.070838414, 0.0471), (-0.16418213, -0.035369985, 0.0471), (-0.18333155, -0.0410273, 0.0471), (-0.18241116, -0.0055588675, 0.0471), (-0.16358092, -0.012201729, 0.0471), (-0.16266055, 0.023266703, 0.0471), (-0.18180996, 0.017609388, 0.0471), (-0.18088958, 0.05307782, 0.0471), (-0.16205935, 0.046434958, 0.0471), (-0.16113897, 0.08190339, 0.0471), (-0.18028837, 0.076246075, 0.0471), (-0.17936799, 0.111714505, 0.0471), (-0.16053776, 0.10507165, 0.0471), (-0.15961738, 0.14054008, 0.0471), (-0.17876679, 0.13488276, 0.0471), (-0.16870086, 0.16186805, 0.0471), (-0.18710968, 0.1620829, 0.0471), (-0.18094732, 0.14301346, 0.0471), (-0.21776496, 0.14344314, 0.0471), (-0.21115924, 0.16236356, 0.0471), (-0.24797688, 0.16279323, 0.0471), (-0.24181452, 0.1437238, 0.0471), (-0.27863216, 0.14415348, 0.0471), (-0.27202645, 0.1630739, 0.0471), (-0.30884412, 0.16350357, 0.0471), (-0.30268174, 0.14443414, 0.0471), (-0.33949938, 0.14486381, 0.0471), (-0.33289367, 0.16378424, 0.0471), (-0.3697113, 0.16421391, 0.0471), (-0.36354896, 0.14514448, 0.0471), (-0.4003666, 0.14557415, 0.0471), (-0.3937609, 0.16449457, 0.0471), (-0.43057853, 0.16492425, 0.0471), (-0.42441618, 0.14585482, 0.0471), (-0.46123382, 0.14628449, 0.0471), (-0.4546281, 0.16520491, 0.0471), (-0.48264334, 0.15614209, 0.0471), (-0.48305425, 0.13839035, 0.0471), (-0.46392062, 0.14410691, 0.0471), (-0.46474242, 0.10860343, 0.0471), (-0.48359105, 0.11519919, 0.0471), (-0.48441288, 0.07969572, 0.0471), (-0.46527925, 0.085412286, 0.0471), (-0.46610105, 0.049908813, 0.0471), (-0.48494968, 0.056504574, 0.0471), (-0.4857715, 0.021001097, 0.0471), (-0.46663788, 0.026717667, 0.0471), (-0.46745968, -0.00878581, 0.0471), (-0.4863083, -0.0021900495, 0.0471), (-0.48713014, -0.037693527, 0.0471), (-0.4679965, -0.031976957, 0.0471), (-0.4688183, -0.06748043, 0.0471), (-0.48766693, -0.060884673, 0.0471), (-0.48848876, -0.09638815, 0.0471), (-0.46935514, -0.09067158, 0.0471), (-0.47017694, -0.12617506, 0.0471), (-0.48902556, -0.11957929, 0.0471), (-0.47983885, -0.12805326, 0.0151), (-0.4614793, -0.12825058, 0.0151), (-0.4680504, -0.14717728, 0.0151), (-0.43133134, -0.1475719, 0.0151), (-0.43749413, -0.12850836, 0.0151), (-0.40077505, -0.12890299, 0.0151), (-0.40734613, -0.14782968, 0.0151), (-0.37062708, -0.14822431, 0.0151), (-0.37678987, -0.12916076, 0.0151), (-0.34007078, -0.12955539, 0.0151), (-0.34664187, -0.14848208, 0.0151), (-0.30992278, -0.14887671, 0.0151), (-0.3160856, -0.12981316, 0.0151), (-0.27936652, -0.13020779, 0.0151), (-0.2859376, -0.14913449, 0.0151), (-0.24921854, -0.14952911, 0.0151), (-0.25538135, -0.13046557, 0.0151), (-0.21866226, -0.1308602, 0.0151), (-0.22523335, -0.14978689, 0.0151), (-0.18851428, -0.15018152, 0.0151), (-0.19467707, -0.13111797, 0.0151), (-0.18591452, -0.14056645, 0.0151), (-0.18545434, -0.12283224, 0.0151), (-0.1666241, -0.1294751, 0.0151), (-0.16570371, -0.09400667, 0.0151), (-0.18485314, -0.09966399, 0.0151), (-0.18393275, -0.06419555, 0.0151), (-0.16510251, -0.070838414, 0.0151), (-0.16418213, -0.035369985, 0.0151), (-0.18333155, -0.0410273, 0.0151), (-0.18241116, -0.0055588675, 0.0151), (-0.16358092, -0.012201729, 0.0151), (-0.16266055, 0.023266703, 0.0151), (-0.18180996, 0.017609388, 0.0151), (-0.18088958, 0.05307782, 0.0151), (-0.16205935, 0.046434958, 0.0151), (-0.16113897, 0.08190339, 0.0151), (-0.18028837, 0.076246075, 0.0151), (-0.17936799, 0.111714505, 0.0151), (-0.16053776, 0.10507165, 0.0151), (-0.15961738, 0.14054008, 0.0151), (-0.17876679, 0.13488276, 0.0151), (-0.16870086, 0.16186805, 0.0151), (-0.18710968, 0.1620829, 0.0151), (-0.18094732, 0.14301346, 0.0151), (-0.21776496, 0.14344314, 0.0151), (-0.21115924, 0.16236356, 0.0151), (-0.24797688, 0.16279323, 0.0151), (-0.24181452, 0.1437238, 0.0151), (-0.27863216, 0.14415348, 0.0151), (-0.27202645, 0.1630739, 0.0151), (-0.30884412, 0.16350357, 0.0151), (-0.30268174, 0.14443414, 0.0151), (-0.33949938, 0.14486381, 0.0151), (-0.33289367, 0.16378424, 0.0151), (-0.3697113, 0.16421391, 0.0151), (-0.36354896, 0.14514448, 0.0151), (-0.4003666, 0.14557415, 0.0151), (-0.3937609, 0.16449457, 0.0151), (-0.43057853, 0.16492425, 0.0151), (-0.42441618, 0.14585482, 0.0151), (-0.46123382, 0.14628449, 0.0151), (-0.4546281, 0.16520491, 0.0151), (-0.48264334, 0.15614209, 0.0151), (-0.48305425, 0.13839035, 0.0151), (-0.46392062, 0.14410691, 0.0151), (-0.46474242, 0.10860343, 0.0151), (-0.48359105, 0.11519919, 0.0151), (-0.48441288, 0.07969572, 0.0151), (-0.46527925, 0.085412286, 0.0151), (-0.46610105, 0.049908813, 0.0151), (-0.48494968, 0.056504574, 0.0151), (-0.4857715, 0.021001097, 0.0151), (-0.46663788, 0.026717667, 0.0151), (-0.46745968, -0.00878581, 0.0151), (-0.4863083, -0.0021900495, 0.0151), (-0.48713014, -0.037693527, 0.0151), (-0.4679965, -0.031976957, 0.0151), (-0.4688183, -0.06748043, 0.0151), (-0.48766693, -0.060884673, 0.0151), (-0.48848876, -0.09638815, 0.0151), (-0.46935514, -0.09067158, 0.0151), (-0.47017694, -0.12617506, 0.0151), (-0.48902556, -0.11957929, 0.0151)]
            texCoord2f[] primvars:st = [(0.6405857, 0.025975304), (0.6614202, 0.018861948), (0.6618546, 0.058611184), (0.6405857, 0.025975304), (0.6618546, 0.058611184), (0.64086944, 0.051939815), (0.6413039, 0.09168905), (0.6621384, 0.0845757), (0.6625728, 0.12432493), (0.6413039, 0.09168905), (0.6625728, 0.12432493), (0.6415876, 0.11765356), (0.642022, 0.1574028), (0.6628565, 0.15028945), (0.663291, 0.19003868), (0.642022, 0.1574028), (0.663291, 0.19003868), (0.6423058, 0.18336731), (0.6427402, 0.22311655), (0.6635747, 0.2160032), (0.6640091, 0.25575244), (0.6427402, 0.22311655), (0.6640091, 0.25575244), (0.64302397, 0.24908106), (0.64345837, 0.2888303), (0.6642929, 0.28171694), (0.6647273, 0.32146618), (0.64345837, 0.2888303), (0.6647273, 0.32146618), (0.64374214, 0.3147948), (0.64374214, 0.3147948), (0.65414304, 0.32428047), (0.6346212, 0.32477865), (0.64345837, 0.2888303), (0.64374214, 0.3147948), (0.6346212, 0.32477865), (0.64302397, 0.24908106), (0.64345837, 0.2888303), (0.6346212, 0.32477865), (0.6427402, 0.22311655), (0.64302397, 0.24908106), (0.6346212, 0.32477865), (0.6423058, 0.18336731), (0.6427402, 0.22311655), (0.6346212, 0.32477865), (0.642022, 0.1574028), (0.6423058, 0.18336731), (0.6346212, 0.32477865), (0.6415876, 0.11765356), (0.642022, 0.1574028), (0.6346212, 0.32477865), (0.6413039, 0.09168905), (0.6415876, 0.11765356), (0.6346212, 0.32477865), (0.64086944, 0.051939815), (0.6413039, 0.09168905), (0.6346212, 0.32477865), (0.6405857, 0.025975304), (0.64086944, 0.051939815), (0.6346212, 0.32477865), (0.6403685, 0.006100684), (0.6405857, 0.025975304), (0.6346212, 0.32477865), (0.6346212, 0.32477865), (0.6419337, 0.3451628), (0.60289, 0.34615913), (0.6346212, 0.32477865), (0.60289, 0.34615913), (0.60911757, 0.32542944), (0.6403685, 0.006100684), (0.6346212, 0.32477865), (0.60911757, 0.32542944), (0.5700739, 0.3264258), (0.5773864, 0.34680995), (0.5383427, 0.34780627), (0.5700739, 0.3264258), (0.5383427, 0.34780627), (0.54457027, 0.3270766), (0.5055266, 0.32807294), (0.5128391, 0.3484571), (0.47379544, 0.34945342), (0.5055266, 0.32807294), (0.47379544, 0.34945342), (0.480023, 0.32872376), (0.44097936, 0.32972008), (0.4482918, 0.35010424), (0.40924814, 0.3511006), (0.44097936, 0.32972008), (0.40924814, 0.3511006), (0.41547573, 0.3303709), (0.37643206, 0.33136722), (0.38374454, 0.3517514), (0.34470087, 0.35274774), (0.37643206, 0.33136722), (0.34470087, 0.35274774), (0.35092846, 0.33201805), (0.32122302, 0.34291467), (0.32098654, 0.3229867), (0.34197816, 0.32965758), (0.35092846, 0.33201805), (0.32122302, 0.34291467), (0.34197816, 0.32965758), (0.37643206, 0.33136722), (0.35092846, 0.33201805), (0.34197816, 0.32965758), (0.41547573, 0.3303709), (0.37643206, 0.33136722), (0.34197816, 0.32965758), (0.44097936, 0.32972008), (0.41547573, 0.3303709), (0.34197816, 0.32965758), (0.480023, 0.32872376), (0.44097936, 0.32972008), (0.34197816, 0.32965758), (0.5055266, 0.32807294), (0.480023, 0.32872376), (0.34197816, 0.32965758), (0.54457027, 0.3270766), (0.5055266, 0.32807294), (0.34197816, 0.32965758), (0.5700739, 0.3264258), (0.54457027, 0.3270766), (0.34197816, 0.32965758), (0.60911757, 0.32542944), (0.5700739, 0.3264258), (0.34197816, 0.32965758), (0.60911757, 0.32542944), (0.34197816, 0.32965758), (0.3415052, 0.28980166), (0.3415052, 0.28980166), (0.32067758, 0.2969525), (0.3202046, 0.25709653), (0.3415052, 0.28980166), (0.3202046, 0.25709653), (0.34119624, 0.26376745), (0.60911757, 0.32542944), (0.3415052, 0.28980166), (0.34119624, 0.26376745), (0.60911757, 0.32542944), (0.34119624, 0.26376745), (0.34072325, 0.2239115), (0.34072325, 0.2239115), (0.31989565, 0.23106234), (0.31942266, 0.1912064), (0.60911757, 0.32542944), (0.34072325, 0.2239115), (0.31942266, 0.1912064), (0.60911757, 0.32542944), (0.31942266, 0.1912064), (0.3404143, 0.19787729), (0.60911757, 0.32542944), (0.3404143, 0.19787729), (0.3399413, 0.15802135), (0.3399413, 0.15802135), (0.3191137, 0.16517217), (0.3186407, 0.12531623), (0.60911757, 0.32542944), (0.3399413, 0.15802135), (0.3186407, 0.12531623), (0.60911757, 0.32542944), (0.3186407, 0.12531623), (0.33963236, 0.13198714), (0.60911757, 0.32542944), (0.33963236, 0.13198714), (0.33915937, 0.0921312), (0.33915937, 0.0921312), (0.31833175, 0.09928203), (0.3178588, 0.059426088), (0.60911757, 0.32542944), (0.33915937, 0.0921312), (0.3178588, 0.059426088), (0.60911757, 0.32542944), (0.3178588, 0.059426088), (0.3388504, 0.066096984), (0.60911757, 0.32542944), (0.3388504, 0.066096984), (0.33837742, 0.026241044), (0.33837742, 0.026241044), (0.31754982, 0.033391878), (0.32752618, 0.0030647577), (0.33837742, 0.026241044), (0.32752618, 0.0030647577), (0.3470673, 0.0026199415), (0.33837742, 0.026241044), (0.3470673, 0.0026199415), (0.3407745, 0.023332532), (0.60911757, 0.32542944), (0.33837742, 0.026241044), (0.3407745, 0.023332532), (0.60911757, 0.32542944), (0.3407745, 0.023332532), (0.37985674, 0.0224429), (0.60911757, 0.32542944), (0.37985674, 0.0224429), (0.3725961, 0.002038827), (0.3725961, 0.002038827), (0.41167834, 0.0011491945), (0.40538555, 0.021861784), (0.60911757, 0.32542944), (0.3725961, 0.002038827), (0.40538555, 0.021861784), (0.60911757, 0.32542944), (0.40538555, 0.021861784), (0.44446778, 0.020972153), (0.60911757, 0.32542944), (0.44446778, 0.020972153), (0.4372072, 0.00056807976), (0.4372072, 0.00056807976), (0.47628942, -0.00032155254), (0.4699966, 0.020391038), (0.60911757, 0.32542944), (0.4372072, 0.00056807976), (0.4699966, 0.020391038), (0.60911757, 0.32542944), (0.4699966, 0.020391038), (0.50907886, 0.019501405), (0.50907886, 0.019501405), (0.50181824, -0.0009026673), (0.54090047, -0.0017922996), (0.50907886, 0.019501405), (0.54090047, -0.0017922996), (0.53460765, 0.018920291), (0.60911757, 0.32542944), (0.50907886, 0.019501405), (0.53460765, 0.018920291), (0.60911757, 0.32542944), (0.53460765, 0.018920291), (0.5736899, 0.018030658), (0.5736899, 0.018030658), (0.5664293, -0.0023734143), (0.60551155, -0.0032630467), (0.5736899, 0.018030658), (0.60551155, -0.0032630467), (0.5992187, 0.017449545), (0.60911757, 0.32542944), (0.5736899, 0.018030658), (0.5992187, 0.017449545), (0.60911757, 0.32542944), (0.5992187, 0.017449545), (0.63830096, 0.016559912), (0.6403685, 0.006100684), (0.60911757, 0.32542944), (0.63830096, 0.016559912), (0.6403685, 0.006100684), (0.63830096, 0.016559912), (0.63104033, -0.0038441615), (0.6403685, 0.006100684), (0.6405857, 0.025975304), (0.6405857, 0.025975304), (0.6403685, 0.006100684), (0.6405857, 0.025975304), (0.6614202, 0.018861948), (0.6614202, 0.018861948), (0.6405857, 0.025975304), (0.6614202, 0.018861948), (0.6618546, 0.058611184), (0.6618546, 0.058611184), (0.6614202, 0.018861948), (0.6618546, 0.058611184), (0.64086944, 0.051939815), (0.64086944, 0.051939815), (0.6618546, 0.058611184), (0.64086944, 0.051939815), (0.6413039, 0.09168905), (0.6413039, 0.09168905), (0.64086944, 0.051939815), (0.6413039, 0.09168905), (0.6621384, 0.0845757), (0.6621384, 0.0845757), (0.6413039, 0.09168905), (0.6621384, 0.0845757), (0.6625728, 0.12432493), (0.6625728, 0.12432493), (0.6621384, 0.0845757), (0.6625728, 0.12432493), (0.6415876, 0.11765356), (0.6415876, 0.11765356), (0.6625728, 0.12432493), (0.6415876, 0.11765356), (0.642022, 0.1574028), (0.642022, 0.1574028), (0.6415876, 0.11765356), (0.642022, 0.1574028), (0.6628565, 0.15028945), (0.6628565, 0.15028945), (0.642022, 0.1574028), (0.6628565, 0.15028945), (0.663291, 0.19003868), (0.663291, 0.19003868), (0.6628565, 0.15028945), (0.663291, 0.19003868), (0.6423058, 0.18336731), (0.6423058, 0.18336731), (0.663291, 0.19003868), (0.6423058, 0.18336731), (0.6427402, 0.22311655), (0.6427402, 0.22311655), (0.6423058, 0.18336731), (0.6427402, 0.22311655), (0.6635747, 0.2160032), (0.6635747, 0.2160032), (0.6427402, 0.22311655), (0.6635747, 0.2160032), (0.6640091, 0.25575244), (0.6640091, 0.25575244), (0.6635747, 0.2160032), (0.6640091, 0.25575244), (0.64302397, 0.24908106), (0.64302397, 0.24908106), (0.6640091, 0.25575244), (0.64302397, 0.24908106), (0.64345837, 0.2888303), (0.64345837, 0.2888303), (0.64302397, 0.24908106), (0.64345837, 0.2888303), (0.6642929, 0.28171694), (0.6642929, 0.28171694), (0.64345837, 0.2888303), (0.6642929, 0.28171694), (0.6647273, 0.32146618), (0.6647273, 0.32146618), (0.6642929, 0.28171694), (0.6647273, 0.32146618), (0.64374214, 0.3147948), (0.64374214, 0.3147948), (0.6647273, 0.32146618), (0.64374214, 0.3147948), (0.65414304, 0.32428047), (0.65414304, 0.32428047), (0.64374214, 0.3147948), (0.65414304, 0.32428047), (0.6346212, 0.32477865), (0.6346212, 0.32477865), (0.65414304, 0.32428047), (0.6346212, 0.32477865), (0.6419337, 0.3451628), (0.6419337, 0.3451628), (0.6346212, 0.32477865), (0.6419337, 0.3451628), (0.60289, 0.34615913), (0.60289, 0.34615913), (0.6419337, 0.3451628), (0.60289, 0.34615913), (0.60911757, 0.32542944), (0.60911757, 0.32542944), (0.60289, 0.34615913), (0.60911757, 0.32542944), (0.5700739, 0.3264258), (0.5700739, 0.3264258), (0.60911757, 0.32542944), (0.5700739, 0.3264258), (0.5773864, 0.34680995), (0.5773864, 0.34680995), (0.5700739, 0.3264258), (0.5773864, 0.34680995), (0.5383427, 0.34780627), (0.5383427, 0.34780627), (0.5773864, 0.34680995), (0.5383427, 0.34780627), (0.54457027, 0.3270766), (0.54457027, 0.3270766), (0.5383427, 0.34780627), (0.54457027, 0.3270766), (0.5055266, 0.32807294), (0.5055266, 0.32807294), (0.54457027, 0.3270766), (0.5055266, 0.32807294), (0.5128391, 0.3484571), (0.5128391, 0.3484571), (0.5055266, 0.32807294), (0.5128391, 0.3484571), (0.47379544, 0.34945342), (0.47379544, 0.34945342), (0.5128391, 0.3484571), (0.47379544, 0.34945342), (0.480023, 0.32872376), (0.480023, 0.32872376), (0.47379544, 0.34945342), (0.480023, 0.32872376), (0.44097936, 0.32972008), (0.44097936, 0.32972008), (0.480023, 0.32872376), (0.44097936, 0.32972008), (0.4482918, 0.35010424), (0.4482918, 0.35010424), (0.44097936, 0.32972008), (0.4482918, 0.35010424), (0.40924814, 0.3511006), (0.40924814, 0.3511006), (0.4482918, 0.35010424), (0.40924814, 0.3511006), (0.41547573, 0.3303709), (0.41547573, 0.3303709), (0.40924814, 0.3511006), (0.41547573, 0.3303709), (0.37643206, 0.33136722), (0.37643206, 0.33136722), (0.41547573, 0.3303709), (0.37643206, 0.33136722), (0.38374454, 0.3517514), (0.38374454, 0.3517514), (0.37643206, 0.33136722), (0.38374454, 0.3517514), (0.34470087, 0.35274774), (0.34470087, 0.35274774), (0.38374454, 0.3517514), (0.34470087, 0.35274774), (0.35092846, 0.33201805), (0.35092846, 0.33201805), (0.34470087, 0.35274774), (0.35092846, 0.33201805), (0.32122302, 0.34291467), (0.32122302, 0.34291467), (0.35092846, 0.33201805), (0.32122302, 0.34291467), (0.32098654, 0.3229867), (0.32098654, 0.3229867), (0.32122302, 0.34291467), (0.32098654, 0.3229867), (0.34197816, 0.32965758), (0.34197816, 0.32965758), (0.32098654, 0.3229867), (0.34197816, 0.32965758), (0.3415052, 0.28980166), (0.3415052, 0.28980166), (0.34197816, 0.32965758), (0.3415052, 0.28980166), (0.32067758, 0.2969525), (0.32067758, 0.2969525), (0.3415052, 0.28980166), (0.32067758, 0.2969525), (0.3202046, 0.25709653), (0.3202046, 0.25709653), (0.32067758, 0.2969525), (0.3202046, 0.25709653), (0.34119624, 0.26376745), (0.34119624, 0.26376745), (0.3202046, 0.25709653), (0.34119624, 0.26376745), (0.34072325, 0.2239115), (0.34072325, 0.2239115), (0.34119624, 0.26376745), (0.34072325, 0.2239115), (0.31989565, 0.23106234), (0.31989565, 0.23106234), (0.34072325, 0.2239115), (0.31989565, 0.23106234), (0.31942266, 0.1912064), (0.31942266, 0.1912064), (0.31989565, 0.23106234), (0.31942266, 0.1912064), (0.3404143, 0.19787729), (0.3404143, 0.19787729), (0.31942266, 0.1912064), (0.3404143, 0.19787729), (0.3399413, 0.15802135), (0.3399413, 0.15802135), (0.3404143, 0.19787729), (0.3399413, 0.15802135), (0.3191137, 0.16517217), (0.3191137, 0.16517217), (0.3399413, 0.15802135), (0.3191137, 0.16517217), (0.3186407, 0.12531623), (0.3186407, 0.12531623), (0.3191137, 0.16517217), (0.3186407, 0.12531623), (0.33963236, 0.13198714), (0.33963236, 0.13198714), (0.3186407, 0.12531623), (0.33963236, 0.13198714), (0.33915937, 0.0921312), (0.33915937, 0.0921312), (0.33963236, 0.13198714), (0.33915937, 0.0921312), (0.31833175, 0.09928203), (0.31833175, 0.09928203), (0.33915937, 0.0921312), (0.31833175, 0.09928203), (0.3178588, 0.059426088), (0.3178588, 0.059426088), (0.31833175, 0.09928203), (0.3178588, 0.059426088), (0.3388504, 0.066096984), (0.3388504, 0.066096984), (0.3178588, 0.059426088), (0.3388504, 0.066096984), (0.33837742, 0.026241044), (0.33837742, 0.026241044), (0.3388504, 0.066096984), (0.33837742, 0.026241044), (0.31754982, 0.033391878), (0.31754982, 0.033391878), (0.33837742, 0.026241044), (0.31754982, 0.033391878), (0.32752618, 0.0030647577), (0.32752618, 0.0030647577), (0.31754982, 0.033391878), (0.32752618, 0.0030647577), (0.3470673, 0.0026199415), (0.3470673, 0.0026199415), (0.32752618, 0.0030647577), (0.3470673, 0.0026199415), (0.3407745, 0.023332532), (0.3407745, 0.023332532), (0.3470673, 0.0026199415), (0.3407745, 0.023332532), (0.37985674, 0.0224429), (0.37985674, 0.0224429), (0.3407745, 0.023332532), (0.37985674, 0.0224429), (0.3725961, 0.002038827), (0.3725961, 0.002038827), (0.37985674, 0.0224429), (0.3725961, 0.002038827), (0.41167834, 0.0011491945), (0.41167834, 0.0011491945), (0.3725961, 0.002038827), (0.41167834, 0.0011491945), (0.40538555, 0.021861784), (0.40538555, 0.021861784), (0.41167834, 0.0011491945), (0.40538555, 0.021861784), (0.44446778, 0.020972153), (0.44446778, 0.020972153), (0.40538555, 0.021861784), (0.44446778, 0.020972153), (0.4372072, 0.00056807976), (0.4372072, 0.00056807976), (0.44446778, 0.020972153), (0.4372072, 0.00056807976), (0.47628942, -0.00032155254), (0.47628942, -0.00032155254), (0.4372072, 0.00056807976), (0.47628942, -0.00032155254), (0.4699966, 0.020391038), (0.4699966, 0.020391038), (0.47628942, -0.00032155254), (0.4699966, 0.020391038), (0.50907886, 0.019501405), (0.50907886, 0.019501405), (0.4699966, 0.020391038), (0.50907886, 0.019501405), (0.50181824, -0.0009026673), (0.50181824, -0.0009026673), (0.50907886, 0.019501405), (0.50181824, -0.0009026673), (0.54090047, -0.0017922996), (0.54090047, -0.0017922996), (0.50181824, -0.0009026673), (0.54090047, -0.0017922996), (0.53460765, 0.018920291), (0.53460765, 0.018920291), (0.54090047, -0.0017922996), (0.53460765, 0.018920291), (0.5736899, 0.018030658), (0.5736899, 0.018030658), (0.53460765, 0.018920291), (0.5736899, 0.018030658), (0.5664293, -0.0023734143), (0.5664293, -0.0023734143), (0.5736899, 0.018030658), (0.5664293, -0.0023734143), (0.60551155, -0.0032630467), (0.60551155, -0.0032630467), (0.5664293, -0.0023734143), (0.60551155, -0.0032630467), (0.5992187, 0.017449545), (0.5992187, 0.017449545), (0.60551155, -0.0032630467), (0.5992187, 0.017449545), (0.63830096, 0.016559912), (0.63830096, 0.016559912), (0.5992187, 0.017449545), (0.63830096, 0.016559912), (0.63104033, -0.0038441615), (0.63104033, -0.0038441615), (0.63830096, 0.016559912), (0.63104033, -0.0038441615), (0.6403685, 0.006100684), (0.6403685, 0.006100684), (0.63104033, -0.0038441615)] (
                interpolation = "faceVarying"
            )
            uniform token subdivisionScheme = "none"
        }

        def Mesh "foam_tile_0_2" (
            prepend apiSchemas = ["MaterialBindingAPI"]
        )
        {
            int[] faceVertexCounts = [3, 3, 3, 3, 3, 3, 3, 3, 3, 3, 3, 3, 3, 3, 3, 3, 3, 3, 3, 3, 3, 3, 3, 3, 3, 3, 3, 3, 3, 3, 3, 3, 3, 3, 3, 3, 3, 3, 3, 3, 3, 3, 3, 3, 3, 3, 3, 3, 3, 3, 3, 3, 3, 3, 3, 3, 3, 3, 3, 3, 3, 3, 3, 3, 3, 3, 3, 3, 3, 3, 3, 3, 3, 3, 3, 3, 3, 3, 3, 3, 3, 3, 4, 4, 4, 4, 4, 4, 4, 4, 4, 4, 4, 4, 4, 4, 4, 4, 4, 4, 4, 4, 4, 4, 4, 4, 4, 4, 4, 4, 4, 4, 4, 4, 4, 4, 4, 4, 4, 4, 4, 4, 4, 4, 4, 4, 4, 4, 4, 4, 4, 4, 4, 4, 4, 4, 4, 4, 4, 4, 4, 4, 4, 4, 4, 4, 4, 4, 4, 4, 4, 4, 4, 4, 4, 4, 4, 4, 4, 4, 4, 4, 4, 4, 4, 4]
            int[] faceVertexIndices = [1, 2, 3, 1, 3, 4, 5, 6, 7, 5, 7, 8, 9, 10, 11, 9, 11, 12, 13, 14, 15, 13, 15, 16, 17, 18, 19, 17, 19, 20, 20, 21, 22, 17, 20, 22, 16, 17, 22, 13, 16, 22, 12, 13, 22, 9, 12, 22, 8, 9, 22, 5, 8, 22, 4, 5, 22, 1, 4, 22, 0, 1, 22, 22, 23, 24, 22, 24, 25, 0, 22, 25, 26, 27, 28, 26, 28, 29, 30, 31, 32, 30, 32, 33, 34, 35, 36, 34, 36, 37, 38, 39, 40, 38, 40, 41, 42, 43, 44, 41, 42, 44, 38, 41, 44, 37, 38, 44, 34, 37, 44, 33, 34, 44, 30, 33, 44, 29, 30, 44, 26, 29, 44, 25, 26, 44, 25, 44, 45, 45, 46, 47, 45, 47, 48, 25, 45, 48, 25, 48, 49, 49, 50, 51, 25, 49, 51, 25, 51, 52, 25, 52, 53, 53, 54, 55, 25, 53, 55, 25, 55, 56, 25, 56, 57, 57, 58, 59, 25, 57, 59, 25, 59, 60, 25, 60, 61, 61, 62, 63, 61, 63, 64, 61, 64, 65, 25, 61, 65, 25, 65, 66, 25, 66, 67, 67, 68, 69, 25, 67, 69, 25, 69, 70, 25, 70, 71, 71, 72, 73, 25, 71, 73, 25, 73, 74, 74, 75, 76, 74, 76, 77, 25, 74, 77, 25, 77, 78, 78, 79, 80, 78, 80, 81, 25, 78, 81, 25, 81, 82, 0, 25, 82, 0, 82, 83, 0, 1, 85, 84, 1, 2, 86, 85, 2, 3, 87, 86, 3, 4, 88, 87, 4, 5, 89, 88, 5, 6, 90, 89, 6, 7, 91, 90, 7, 8, 92, 91, 8, 9, 93, 92, 9, 10, 94, 93, 10, 11, 95, 94, 11, 12, 96, 95, 12, 13, 97, 96, 13, 14, 98, 97, 14, 15, 99, 98, 15, 16, 100, 99, 16, 17, 101, 100, 17, 18, 102, 101, 18, 19, 103, 102, 19, 20, 104, 103, 20, 21, 105, 104, 21, 22, 106, 105, 22, 23, 107, 106, 23, 24, 108, 107, 24, 25, 109, 108, 25, 26, 110, 109, 26, 27, 111, 110, 27, 28, 112, 111, 28, 29, 113, 112, 29, 30, 114, 113, 30, 31, 115, 114, 31, 32, 116, 115, 32, 33, 117, 116, 33, 34, 118, 117, 34, 35, 119, 118, 35, 36, 120, 119, 36, 37, 121, 120, 37, 38, 122, 121, 38, 39, 123, 122, 39, 40, 124, 123, 40, 41, 125, 124, 41, 42, 126, 125, 42, 43, 127, 126, 43, 44, 128, 127, 44, 45, 129, 128, 45, 46, 130, 129, 46, 47, 131, 130, 47, 48, 132, 131, 48, 49, 133, 132, 49, 50, 134, 133, 50, 51, 135, 134, 51, 52, 136, 135, 52, 53, 137, 136, 53, 54, 138, 137, 54, 55, 139, 138, 55, 56, 140, 139, 56, 57, 141, 140, 57, 58, 142, 141, 58, 59, 143, 142, 59, 60, 144, 143, 60, 61, 145, 144, 61, 62, 146, 145, 62, 63, 147, 146, 63, 64, 148, 147, 64, 65, 149, 148, 65, 66, 150, 149, 66, 67, 151, 150, 67, 68, 152, 151, 68, 69, 153, 152, 69, 70, 154, 153, 70, 71, 155, 154, 71, 72, 156, 155, 72, 73, 157, 156, 73, 74, 158, 157, 74, 75, 159, 158, 75, 76, 160, 159, 76, 77, 161, 160, 77, 78, 162, 161, 78, 79, 163, 162, 79, 80, 164, 163, 80, 81, 165, 164, 81, 82, 166, 165, 82, 83, 167, 166, 83, 0, 84, 167]
            rel material:binding = </world/table/surface_texture_mat_0_2>
            point3f[] points = [(-0.47303694, 0.16541974, 0.0471), (-0.4546281, 0.16520491, 0.0471), (-0.46123382, 0.14628449, 0.0471), (-0.42441618, 0.14585482, 0.0471), (-0.43057853, 0.16492425, 0.0471), (-0.3937609, 0.16449457, 0.0471), (-0.4003666, 0.14557415, 0.0471), (-0.36354896, 0.14514448, 0.0471), (-0.3697113, 0.16421391, 0.0471), (-0.33289367, 0.16378424, 0.0471), (-0.33949938, 0.14486381, 0.0471), (-0.30268174, 0.14443414, 0.0471), (-0.30884412, 0.16350357, 0.0471), (-0.27202645, 0.1630739, 0.0471), (-0.27863216, 0.14415348, 0.0471), (-0.24181452, 0.1437238, 0.0471), (-0.24797688, 0.16279323, 0.0471), (-0.21115924, 0.16236356, 0.0471), (-0.21776496, 0.14344314, 0.0471), (-0.18094732, 0.14301346, 0.0471), (-0.18710968, 0.1620829, 0.0471), (-0.17830656, 0.15261845, 0.0471), (-0.17784068, 0.17046562, 0.0471), (-0.1590125, 0.16378064, 0.0471), (-0.15808074, 0.19947499, 0.0471), (-0.17723204, 0.19378144, 0.0471), (-0.17630029, 0.22947578, 0.0471), (-0.1574721, 0.22279082, 0.0471), (-0.15654033, 0.25848517, 0.0471), (-0.17569165, 0.2527916, 0.0471), (-0.17475988, 0.28848594, 0.0471), (-0.1559317, 0.281801, 0.0471), (-0.15499994, 0.31749535, 0.0471), (-0.17415126, 0.3118018, 0.0471), (-0.17321949, 0.34749612, 0.0471), (-0.1543913, 0.34081116, 0.0471), (-0.15345953, 0.3765055, 0.0471), (-0.17261085, 0.37081194, 0.0471), (-0.17167908, 0.4065063, 0.0471), (-0.1528509, 0.39982134, 0.0471), (-0.15191914, 0.43551567, 0.0471), (-0.17107046, 0.42982212, 0.0471), (-0.16091155, 0.4569175, 0.0471), (-0.17904434, 0.45729586, 0.0471), (-0.17315233, 0.43817255, 0.0471), (-0.20941791, 0.4389293, 0.0471), (-0.2027333, 0.45779017, 0.0471), (-0.23899888, 0.4585469, 0.0471), (-0.23310687, 0.43942362, 0.0471), (-0.26937246, 0.44018036, 0.0471), (-0.26268783, 0.4590412, 0.0471), (-0.2989534, 0.45979795, 0.0471), (-0.2930614, 0.44067466, 0.0471), (-0.329327, 0.4414314, 0.0471), (-0.3226424, 0.46029228, 0.0471), (-0.35890797, 0.46104902, 0.0471), (-0.35301596, 0.4419257, 0.0471), (-0.38928154, 0.44268245, 0.0471), (-0.38259694, 0.46154332, 0.0471), (-0.41886252, 0.46230006, 0.0471), (-0.4129705, 0.44317675, 0.0471), (-0.4492361, 0.4439335, 0.0471), (-0.44255146, 0.46279436, 0.0471), (-0.47037247, 0.45406762, 0.0471), (-0.4711144, 0.4360569, 0.0471), (-0.45187697, 0.44152105, 0.0471), (-0.4533608, 0.40549964, 0.0471), (-0.47208363, 0.41252744, 0.0471), (-0.47356746, 0.37650603, 0.0471), (-0.45433006, 0.38197017, 0.0471), (-0.45581388, 0.34594876, 0.0471), (-0.47453672, 0.35297656, 0.0471), (-0.47602054, 0.31695515, 0.0471), (-0.45678312, 0.3224193, 0.0471), (-0.45826694, 0.28639784, 0.0471), (-0.47698978, 0.29342568, 0.0471), (-0.4784736, 0.25740427, 0.0471), (-0.4592362, 0.2628684, 0.0471), (-0.46072003, 0.22684698, 0.0471), (-0.47944286, 0.2338748, 0.0471), (-0.48092666, 0.19785339, 0.0471), (-0.46168926, 0.20331751, 0.0471), (-0.4631731, 0.1672961, 0.0471), (-0.48189592, 0.17432392, 0.0471), (-0.47303694, 0.16541974, 0.0151), (-0.4546281, 0.16520491, 0.0151), (-0.46123382, 0.14628449, 0.0151), (-0.42441618, 0.14585482, 0.0151), (-0.43057853, 0.16492425, 0.0151), (-0.3937609, 0.16449457, 0.0151), (-0.4003666, 0.14557415, 0.0151), (-0.36354896, 0.14514448, 0.0151), (-0.3697113, 0.16421391, 0.0151), (-0.33289367, 0.16378424, 0.0151), (-0.33949938, 0.14486381, 0.0151), (-0.30268174, 0.14443414, 0.0151), (-0.30884412, 0.16350357, 0.0151), (-0.27202645, 0.1630739, 0.0151), (-0.27863216, 0.14415348, 0.0151), (-0.24181452, 0.1437238, 0.0151), (-0.24797688, 0.16279323, 0.0151), (-0.21115924, 0.16236356, 0.0151), (-0.21776496, 0.14344314, 0.0151), (-0.18094732, 0.14301346, 0.0151), (-0.18710968, 0.1620829, 0.0151), (-0.17830656, 0.15261845, 0.0151), (-0.17784068, 0.17046562, 0.0151), (-0.1590125, 0.16378064, 0.0151), (-0.15808074, 0.19947499, 0.0151), (-0.17723204, 0.19378144, 0.0151), (-0.17630029, 0.22947578, 0.0151), (-0.1574721, 0.22279082, 0.0151), (-0.15654033, 0.25848517, 0.0151), (-0.17569165, 0.2527916, 0.0151), (-0.17475988, 0.28848594, 0.0151), (-0.1559317, 0.281801, 0.0151), (-0.15499994, 0.31749535, 0.0151), (-0.17415126, 0.3118018, 0.0151), (-0.17321949, 0.34749612, 0.0151), (-0.1543913, 0.34081116, 0.0151), (-0.15345953, 0.3765055, 0.0151), (-0.17261085, 0.37081194, 0.0151), (-0.17167908, 0.4065063, 0.0151), (-0.1528509, 0.39982134, 0.0151), (-0.15191914, 0.43551567, 0.0151), (-0.17107046, 0.42982212, 0.0151), (-0.16091155, 0.4569175, 0.0151), (-0.17904434, 0.45729586, 0.0151), (-0.17315233, 0.43817255, 0.0151), (-0.20941791, 0.4389293, 0.0151), (-0.2027333, 0.45779017, 0.0151), (-0.23899888, 0.4585469, 0.0151), (-0.23310687, 0.43942362, 0.0151), (-0.26937246, 0.44018036, 0.0151), (-0.26268783, 0.4590412, 0.0151), (-0.2989534, 0.45979795, 0.0151), (-0.2930614, 0.44067466, 0.0151), (-0.329327, 0.4414314, 0.0151), (-0.3226424, 0.46029228, 0.0151), (-0.35890797, 0.46104902, 0.0151), (-0.35301596, 0.4419257, 0.0151), (-0.38928154, 0.44268245, 0.0151), (-0.38259694, 0.46154332, 0.0151), (-0.41886252, 0.46230006, 0.0151), (-0.4129705, 0.44317675, 0.0151), (-0.4492361, 0.4439335, 0.0151), (-0.44255146, 0.46279436, 0.0151), (-0.47037247, 0.45406762, 0.0151), (-0.4711144, 0.4360569, 0.0151), (-0.45187697, 0.44152105, 0.0151), (-0.4533608, 0.40549964, 0.0151), (-0.47208363, 0.41252744, 0.0151), (-0.47356746, 0.37650603, 0.0151), (-0.45433006, 0.38197017, 0.0151), (-0.45581388, 0.34594876, 0.0151), (-0.47453672, 0.35297656, 0.0151), (-0.47602054, 0.31695515, 0.0151), (-0.45678312, 0.3224193, 0.0151), (-0.45826694, 0.28639784, 0.0151), (-0.47698978, 0.29342568, 0.0151), (-0.4784736, 0.25740427, 0.0151), (-0.4592362, 0.2628684, 0.0151), (-0.46072003, 0.22684698, 0.0151), (-0.47944286, 0.2338748, 0.0151), (-0.48092666, 0.19785339, 0.0151), (-0.46168926, 0.20331751, 0.0151), (-0.4631731, 0.1672961, 0.0151), (-0.48189592, 0.17432392, 0.0151)]
            texCoord2f[] primvars:st = [(0.31754982, 0.033391878), (0.33837742, 0.026241044), (0.3388504, 0.066096984), (0.31754982, 0.033391878), (0.3388504, 0.066096984), (0.3178588, 0.059426088), (0.31833175, 0.09928203), (0.33915937, 0.0921312), (0.33963236, 0.13198714), (0.31833175, 0.09928203), (0.33963236, 0.13198714), (0.3186407, 0.12531623), (0.3191137, 0.16517217), (0.3399413, 0.15802135), (0.3404143, 0.19787729), (0.3191137, 0.16517217), (0.3404143, 0.19787729), (0.31942266, 0.1912064), (0.31989565, 0.23106234), (0.34072325, 0.2239115), (0.34119624, 0.26376745), (0.31989565, 0.23106234), (0.34119624, 0.26376745), (0.3202046, 0.25709653), (0.32067758, 0.2969525), (0.3415052, 0.28980166), (0.34197816, 0.32965758), (0.32067758, 0.2969525), (0.34197816, 0.32965758), (0.32098654, 0.3229867), (0.32098654, 0.3229867), (0.331405, 0.33251625), (0.31175882, 0.3330206), (0.32067758, 0.2969525), (0.32098654, 0.3229867), (0.31175882, 0.3330206), (0.3202046, 0.25709653), (0.32067758, 0.2969525), (0.31175882, 0.3330206), (0.31989565, 0.23106234), (0.3202046, 0.25709653), (0.31175882, 0.3330206), (0.31942266, 0.1912064), (0.31989565, 0.23106234), (0.31175882, 0.3330206), (0.3191137, 0.16517217), (0.31942266, 0.1912064), (0.31175882, 0.3330206), (0.3186407, 0.12531623), (0.3191137, 0.16517217), (0.31175882, 0.3330206), (0.31833175, 0.09928203), (0.3186407, 0.12531623), (0.31175882, 0.3330206), (0.3178588, 0.059426088), (0.31833175, 0.09928203), (0.31175882, 0.3330206), (0.31754982, 0.033391878), (0.3178588, 0.059426088), (0.31175882, 0.3330206), (0.31731334, 0.013463909), (0.31754982, 0.033391878), (0.31175882, 0.3330206), (0.31175882, 0.3330206), (0.31911764, 0.35340253), (0.2798253, 0.35441118), (0.31175882, 0.3330206), (0.2798253, 0.35441118), (0.28609276, 0.33367944), (0.31731334, 0.013463909), (0.31175882, 0.3330206), (0.28609276, 0.33367944), (0.24680042, 0.3346881), (0.25415924, 0.35507005), (0.21486689, 0.35607868), (0.24680042, 0.3346881), (0.21486689, 0.35607868), (0.22113435, 0.33534697), (0.18184201, 0.33635563), (0.18920082, 0.35673755), (0.14990848, 0.3577462), (0.18184201, 0.33635563), (0.14990848, 0.3577462), (0.15617594, 0.3370145), (0.1168836, 0.33802313), (0.12424241, 0.35840508), (0.08495007, 0.35941374), (0.1168836, 0.33802313), (0.08495007, 0.35941374), (0.09121753, 0.338682), (0.051925186, 0.33969066), (0.059284, 0.36007258), (0.019991655, 0.36108124), (0.051925186, 0.33969066), (0.019991655, 0.36108124), (0.02625912, 0.34034953), (-0.00356746, 0.35134676), (-0.0039839703, 0.3317176), (0.017066963, 0.33809584), (0.02625912, 0.34034953), (-0.00356746, 0.35134676), (0.017066963, 0.33809584), (0.051925186, 0.33969066), (0.02625912, 0.34034953), (0.017066963, 0.33809584), (0.09121753, 0.338682), (0.051925186, 0.33969066), (0.017066963, 0.33809584), (0.1168836, 0.33802313), (0.09121753, 0.338682), (0.017066963, 0.33809584), (0.15617594, 0.3370145), (0.1168836, 0.33802313), (0.017066963, 0.33809584), (0.18184201, 0.33635563), (0.15617594, 0.3370145), (0.017066963, 0.33809584), (0.22113435, 0.33534697), (0.18184201, 0.33635563), (0.017066963, 0.33809584), (0.24680042, 0.3346881), (0.22113435, 0.33534697), (0.017066963, 0.33809584), (0.28609276, 0.33367944), (0.24680042, 0.3346881), (0.017066963, 0.33809584), (0.28609276, 0.33367944), (0.017066963, 0.33809584), (0.016233942, 0.2988375), (0.016233942, 0.2988375), (-0.004528106, 0.30607376), (-0.0053611277, 0.26681545), (0.016233942, 0.2988375), (-0.0053611277, 0.26681545), (0.015689805, 0.2731937), (0.28609276, 0.33367944), (0.016233942, 0.2988375), (0.015689805, 0.2731937), (0.28609276, 0.33367944), (0.015689805, 0.2731937), (0.014856784, 0.23393536), (0.014856784, 0.23393536), (-0.005905263, 0.2411716), (-0.0067382846, 0.20191328), (0.28609276, 0.33367944), (0.014856784, 0.23393536), (-0.0067382846, 0.20191328), (0.28609276, 0.33367944), (-0.0067382846, 0.20191328), (0.014312648, 0.20829152), (0.28609276, 0.33367944), (0.014312648, 0.20829152), (0.013479627, 0.16903318), (0.013479627, 0.16903318), (-0.0072824205, 0.17626944), (-0.008115442, 0.13701111), (0.28609276, 0.33367944), (0.013479627, 0.16903318), (-0.008115442, 0.13701111), (0.28609276, 0.33367944), (-0.008115442, 0.13701111), (0.012935491, 0.14338934), (0.28609276, 0.33367944), (0.012935491, 0.14338934), (0.01210247, 0.10413103), (0.01210247, 0.10413103), (-0.008659577, 0.11136728), (-0.0094925985, 0.072108954), (0.28609276, 0.33367944), (0.01210247, 0.10413103), (-0.0094925985, 0.072108954), (0.28609276, 0.33367944), (-0.0094925985, 0.072108954), (0.011558334, 0.07848719), (0.28609276, 0.33367944), (0.011558334, 0.07848719), (0.010725313, 0.039228868), (0.010725313, 0.039228868), (-0.010036735, 0.04646511), (-0.00043032775, 0.01634824), (0.010725313, 0.039228868), (-0.00043032775, 0.01634824), (0.019395864, 0.015545104), (0.010725313, 0.039228868), (0.019395864, 0.015545104), (0.01338095, 0.03637004), (0.28609276, 0.33367944), (0.010725313, 0.039228868), (0.01338095, 0.03637004), (0.28609276, 0.33367944), (0.01338095, 0.03637004), (0.053033333, 0.034763765), (0.28609276, 0.33367944), (0.053033333, 0.034763765), (0.04529711, 0.014495873), (0.04529711, 0.014495873), (0.08494949, 0.012889599), (0.07893458, 0.033714537), (0.28609276, 0.33367944), (0.04529711, 0.014495873), (0.07893458, 0.033714537), (0.28609276, 0.33367944), (0.07893458, 0.033714537), (0.11858696, 0.032108262), (0.28609276, 0.33367944), (0.11858696, 0.032108262), (0.11085074, 0.011840369), (0.11085074, 0.011840369), (0.15050311, 0.010234094), (0.1444882, 0.03105903), (0.28609276, 0.33367944), (0.11085074, 0.011840369), (0.1444882, 0.03105903), (0.28609276, 0.33367944), (0.1444882, 0.03105903), (0.1841406, 0.029452756), (0.1841406, 0.029452756), (0.17640436, 0.009184863), (0.21605675, 0.0075785895), (0.1841406, 0.029452756), (0.21605675, 0.0075785895), (0.21004184, 0.028403524), (0.28609276, 0.33367944), (0.1841406, 0.029452756), (0.21004184, 0.028403524), (0.28609276, 0.33367944), (0.21004184, 0.028403524), (0.24969421, 0.026797252), (0.24969421, 0.026797252), (0.24195799, 0.0065293587), (0.28161037, 0.0049230843), (0.24969421, 0.026797252), (0.28161037, 0.0049230843), (0.27559546, 0.02574802), (0.28609276, 0.33367944), (0.24969421, 0.026797252), (0.27559546, 0.02574802), (0.28609276, 0.33367944), (0.27559546, 0.02574802), (0.31524783, 0.024141746), (0.31731334, 0.013463909), (0.28609276, 0.33367944), (0.31524783, 0.024141746), (0.31731334, 0.013463909), (0.31524783, 0.024141746), (0.30751163, 0.0038738537), (0.31731334, 0.013463909), (0.31754982, 0.033391878), (0.31754982, 0.033391878), (0.31731334, 0.013463909), (0.31754982, 0.033391878), (0.33837742, 0.026241044), (0.33837742, 0.026241044), (0.31754982, 0.033391878), (0.33837742, 0.026241044), (0.3388504, 0.066096984), (0.3388504, 0.066096984), (0.33837742, 0.026241044), (0.3388504, 0.066096984), (0.3178588, 0.059426088), (0.3178588, 0.059426088), (0.3388504, 0.066096984), (0.3178588, 0.059426088), (0.31833175, 0.09928203), (0.31833175, 0.09928203), (0.3178588, 0.059426088), (0.31833175, 0.09928203), (0.33915937, 0.0921312), (0.33915937, 0.0921312), (0.31833175, 0.09928203), (0.33915937, 0.0921312), (0.33963236, 0.13198714), (0.33963236, 0.13198714), (0.33915937, 0.0921312), (0.33963236, 0.13198714), (0.3186407, 0.12531623), (0.3186407, 0.12531623), (0.33963236, 0.13198714), (0.3186407, 0.12531623), (0.3191137, 0.16517217), (0.3191137, 0.16517217), (0.3186407, 0.12531623), (0.3191137, 0.16517217), (0.3399413, 0.15802135), (0.3399413, 0.15802135), (0.3191137, 0.16517217), (0.3399413, 0.15802135), (0.3404143, 0.19787729), (0.3404143, 0.19787729), (0.3399413, 0.15802135), (0.3404143, 0.19787729), (0.31942266, 0.1912064), (0.31942266, 0.1912064), (0.3404143, 0.19787729), (0.31942266, 0.1912064), (0.31989565, 0.23106234), (0.31989565, 0.23106234), (0.31942266, 0.1912064), (0.31989565, 0.23106234), (0.34072325, 0.2239115), (0.34072325, 0.2239115), (0.31989565, 0.23106234), (0.34072325, 0.2239115), (0.34119624, 0.26376745), (0.34119624, 0.26376745), (0.34072325, 0.2239115), (0.34119624, 0.26376745), (0.3202046, 0.25709653), (0.3202046, 0.25709653), (0.34119624, 0.26376745), (0.3202046, 0.25709653), (0.32067758, 0.2969525), (0.32067758, 0.2969525), (0.3202046, 0.25709653), (0.32067758, 0.2969525), (0.3415052, 0.28980166), (0.3415052, 0.28980166), (0.32067758, 0.2969525), (0.3415052, 0.28980166), (0.34197816, 0.32965758), (0.34197816, 0.32965758), (0.3415052, 0.28980166), (0.34197816, 0.32965758), (0.32098654, 0.3229867), (0.32098654, 0.3229867), (0.34197816, 0.32965758), (0.32098654, 0.3229867), (0.331405, 0.33251625), (0.331405, 0.33251625), (0.32098654, 0.3229867), (0.331405, 0.33251625), (0.31175882, 0.3330206), (0.31175882, 0.3330206), (0.331405, 0.33251625), (0.31175882, 0.3330206), (0.31911764, 0.35340253), (0.31911764, 0.35340253), (0.31175882, 0.3330206), (0.31911764, 0.35340253), (0.2798253, 0.35441118), (0.2798253, 0.35441118), (0.31911764, 0.35340253), (0.2798253, 0.35441118), (0.28609276, 0.33367944), (0.28609276, 0.33367944), (0.2798253, 0.35441118), (0.28609276, 0.33367944), (0.24680042, 0.3346881), (0.24680042, 0.3346881), (0.28609276, 0.33367944), (0.24680042, 0.3346881), (0.25415924, 0.35507005), (0.25415924, 0.35507005), (0.24680042, 0.3346881), (0.25415924, 0.35507005), (0.21486689, 0.35607868), (0.21486689, 0.35607868), (0.25415924, 0.35507005), (0.21486689, 0.35607868), (0.22113435, 0.33534697), (0.22113435, 0.33534697), (0.21486689, 0.35607868), (0.22113435, 0.33534697), (0.18184201, 0.33635563), (0.18184201, 0.33635563), (0.22113435, 0.33534697), (0.18184201, 0.33635563), (0.18920082, 0.35673755), (0.18920082, 0.35673755), (0.18184201, 0.33635563), (0.18920082, 0.35673755), (0.14990848, 0.3577462), (0.14990848, 0.3577462), (0.18920082, 0.35673755), (0.14990848, 0.3577462), (0.15617594, 0.3370145), (0.15617594, 0.3370145), (0.14990848, 0.3577462), (0.15617594, 0.3370145), (0.1168836, 0.33802313), (0.1168836, 0.33802313), (0.15617594, 0.3370145), (0.1168836, 0.33802313), (0.12424241, 0.35840508), (0.12424241, 0.35840508), (0.1168836, 0.33802313), (0.12424241, 0.35840508), (0.08495007, 0.35941374), (0.08495007, 0.35941374), (0.12424241, 0.35840508), (0.08495007, 0.35941374), (0.09121753, 0.338682), (0.09121753, 0.338682), (0.08495007, 0.35941374), (0.09121753, 0.338682), (0.051925186, 0.33969066), (0.051925186, 0.33969066), (0.09121753, 0.338682), (0.051925186, 0.33969066), (0.059284, 0.36007258), (0.059284, 0.36007258), (0.051925186, 0.33969066), (0.059284, 0.36007258), (0.019991655, 0.36108124), (0.019991655, 0.36108124), (0.059284, 0.36007258), (0.019991655, 0.36108124), (0.02625912, 0.34034953), (0.02625912, 0.34034953), (0.019991655, 0.36108124), (0.02625912, 0.34034953), (-0.00356746, 0.35134676), (-0.00356746, 0.35134676), (0.02625912, 0.34034953), (-0.00356746, 0.35134676), (-0.0039839703, 0.3317176), (-0.0039839703, 0.3317176), (-0.00356746, 0.35134676), (-0.0039839703, 0.3317176), (0.017066963, 0.33809584), (0.017066963, 0.33809584), (-0.0039839703, 0.3317176), (0.017066963, 0.33809584), (0.016233942, 0.2988375), (0.016233942, 0.2988375), (0.017066963, 0.33809584), (0.016233942, 0.2988375), (-0.004528106, 0.30607376), (-0.004528106, 0.30607376), (0.016233942, 0.2988375), (-0.004528106, 0.30607376), (-0.0053611277, 0.26681545), (-0.0053611277, 0.26681545), (-0.004528106, 0.30607376), (-0.0053611277, 0.26681545), (0.015689805, 0.2731937), (0.015689805, 0.2731937), (-0.0053611277, 0.26681545), (0.015689805, 0.2731937), (0.014856784, 0.23393536), (0.014856784, 0.23393536), (0.015689805, 0.2731937), (0.014856784, 0.23393536), (-0.005905263, 0.2411716), (-0.005905263, 0.2411716), (0.014856784, 0.23393536), (-0.005905263, 0.2411716), (-0.0067382846, 0.20191328), (-0.0067382846, 0.20191328), (-0.005905263, 0.2411716), (-0.0067382846, 0.20191328), (0.014312648, 0.20829152), (0.014312648, 0.20829152), (-0.0067382846, 0.20191328), (0.014312648, 0.20829152), (0.013479627, 0.16903318), (0.013479627, 0.16903318), (0.014312648, 0.20829152), (0.013479627, 0.16903318), (-0.0072824205, 0.17626944), (-0.0072824205, 0.17626944), (0.013479627, 0.16903318), (-0.0072824205, 0.17626944), (-0.008115442, 0.13701111), (-0.008115442, 0.13701111), (-0.0072824205, 0.17626944), (-0.008115442, 0.13701111), (0.012935491, 0.14338934), (0.012935491, 0.14338934), (-0.008115442, 0.13701111), (0.012935491, 0.14338934), (0.01210247, 0.10413103), (0.01210247, 0.10413103), (0.012935491, 0.14338934), (0.01210247, 0.10413103), (-0.008659577, 0.11136728), (-0.008659577, 0.11136728), (0.01210247, 0.10413103), (-0.008659577, 0.11136728), (-0.0094925985, 0.072108954), (-0.0094925985, 0.072108954), (-0.008659577, 0.11136728), (-0.0094925985, 0.072108954), (0.011558334, 0.07848719), (0.011558334, 0.07848719), (-0.0094925985, 0.072108954), (0.011558334, 0.07848719), (0.010725313, 0.039228868), (0.010725313, 0.039228868), (0.011558334, 0.07848719), (0.010725313, 0.039228868), (-0.010036735, 0.04646511), (-0.010036735, 0.04646511), (0.010725313, 0.039228868), (-0.010036735, 0.04646511), (-0.00043032775, 0.01634824), (-0.00043032775, 0.01634824), (-0.010036735, 0.04646511), (-0.00043032775, 0.01634824), (0.019395864, 0.015545104), (0.019395864, 0.015545104), (-0.00043032775, 0.01634824), (0.019395864, 0.015545104), (0.01338095, 0.03637004), (0.01338095, 0.03637004), (0.019395864, 0.015545104), (0.01338095, 0.03637004), (0.053033333, 0.034763765), (0.053033333, 0.034763765), (0.01338095, 0.03637004), (0.053033333, 0.034763765), (0.04529711, 0.014495873), (0.04529711, 0.014495873), (0.053033333, 0.034763765), (0.04529711, 0.014495873), (0.08494949, 0.012889599), (0.08494949, 0.012889599), (0.04529711, 0.014495873), (0.08494949, 0.012889599), (0.07893458, 0.033714537), (0.07893458, 0.033714537), (0.08494949, 0.012889599), (0.07893458, 0.033714537), (0.11858696, 0.032108262), (0.11858696, 0.032108262), (0.07893458, 0.033714537), (0.11858696, 0.032108262), (0.11085074, 0.011840369), (0.11085074, 0.011840369), (0.11858696, 0.032108262), (0.11085074, 0.011840369), (0.15050311, 0.010234094), (0.15050311, 0.010234094), (0.11085074, 0.011840369), (0.15050311, 0.010234094), (0.1444882, 0.03105903), (0.1444882, 0.03105903), (0.15050311, 0.010234094), (0.1444882, 0.03105903), (0.1841406, 0.029452756), (0.1841406, 0.029452756), (0.1444882, 0.03105903), (0.1841406, 0.029452756), (0.17640436, 0.009184863), (0.17640436, 0.009184863), (0.1841406, 0.029452756), (0.17640436, 0.009184863), (0.21605675, 0.0075785895), (0.21605675, 0.0075785895), (0.17640436, 0.009184863), (0.21605675, 0.0075785895), (0.21004184, 0.028403524), (0.21004184, 0.028403524), (0.21605675, 0.0075785895), (0.21004184, 0.028403524), (0.24969421, 0.026797252), (0.24969421, 0.026797252), (0.21004184, 0.028403524), (0.24969421, 0.026797252), (0.24195799, 0.0065293587), (0.24195799, 0.0065293587), (0.24969421, 0.026797252), (0.24195799, 0.0065293587), (0.28161037, 0.0049230843), (0.28161037, 0.0049230843), (0.24195799, 0.0065293587), (0.28161037, 0.0049230843), (0.27559546, 0.02574802), (0.27559546, 0.02574802), (0.28161037, 0.0049230843), (0.27559546, 0.02574802), (0.31524783, 0.024141746), (0.31524783, 0.024141746), (0.27559546, 0.02574802), (0.31524783, 0.024141746), (0.30751163, 0.0038738537), (0.30751163, 0.0038738537), (0.31524783, 0.024141746), (0.30751163, 0.0038738537), (0.31731334, 0.013463909), (0.31731334, 0.013463909), (0.30751163, 0.0038738537)] (
                interpolation = "faceVarying"
            )
            uniform token subdivisionScheme = "none"
        }

        def Mesh "foam_tile_1_0" (
            prepend apiSchemas = ["MaterialBindingAPI"]
        )
        {
            int[] faceVertexCounts = [3, 3, 3, 3, 3, 3, 3, 3, 3, 3, 3, 3, 3, 3, 3, 3, 3, 3, 3, 3, 3, 3, 3, 3, 3, 3, 3, 3, 3, 3, 3, 3, 3, 3, 3, 3, 3, 3, 3, 3, 3, 3, 3, 3, 3, 3, 3, 3, 3, 3, 3, 3, 3, 3, 3, 3, 3, 3, 3, 3, 3, 3, 3, 3, 3, 3, 3, 3, 3, 3, 3, 3, 3, 3, 3, 3, 3, 3, 3, 3, 3, 3, 4, 4, 4, 4, 4, 4, 4, 4, 4, 4, 4, 4, 4, 4, 4, 4, 4, 4, 4, 4, 4, 4, 4, 4, 4, 4, 4, 4, 4, 4, 4, 4, 4, 4, 4, 4, 4, 4, 4, 4, 4, 4, 4, 4, 4, 4, 4, 4, 4, 4, 4, 4, 4, 4, 4, 4, 4, 4, 4, 4, 4, 4, 4, 4, 4, 4, 4, 4, 4, 4, 4, 4, 4, 4, 4, 4, 4, 4, 4, 4, 4, 4, 4, 4]
            int[] faceVertexIndices = [1, 2, 3, 1, 3, 4, 5, 6, 7, 5, 7, 8, 9, 10, 11, 9, 11, 12, 13, 14, 15, 13, 15, 16, 17, 18, 19, 17, 19, 20, 20, 21, 22, 17, 20, 22, 16, 17, 22, 13, 16, 22, 12, 13, 22, 9, 12, 22, 8, 9, 22, 5, 8, 22, 4, 5, 22, 1, 4, 22, 0, 1, 22, 22, 23, 24, 22, 24, 25, 0, 22, 25, 0, 25, 26, 26, 27, 28, 26, 28, 29, 30, 31, 32, 30, 32, 33, 34, 35, 36, 34, 36, 37, 38, 39, 40, 38, 40, 41, 42, 43, 44, 41, 42, 44, 38, 41, 44, 37, 38, 44, 34, 37, 44, 33, 34, 44, 30, 33, 44, 29, 30, 44, 26, 29, 44, 26, 44, 45, 45, 46, 47, 45, 47, 48, 26, 45, 48, 26, 48, 49, 49, 50, 51, 26, 49, 51, 26, 51, 52, 26, 52, 53, 53, 54, 55, 26, 53, 55, 26, 55, 56, 26, 56, 57, 57, 58, 59, 26, 57, 59, 26, 59, 60, 26, 60, 61, 61, 62, 63, 61, 63, 64, 61, 64, 65, 26, 61, 65, 26, 65, 66, 26, 66, 67, 67, 68, 69, 26, 67, 69, 26, 69, 70, 26, 70, 71, 71, 72, 73, 26, 71, 73, 26, 73, 74, 74, 75, 76, 74, 76, 77, 26, 74, 77, 26, 77, 78, 78, 79, 80, 78, 80, 81, 26, 78, 81, 26, 81, 82, 0, 26, 82, 0, 82, 83, 0, 1, 85, 84, 1, 2, 86, 85, 2, 3, 87, 86, 3, 4, 88, 87, 4, 5, 89, 88, 5, 6, 90, 89, 6, 7, 91, 90, 7, 8, 92, 91, 8, 9, 93, 92, 9, 10, 94, 93, 10, 11, 95, 94, 11, 12, 96, 95, 12, 13, 97, 96, 13, 14, 98, 97, 14, 15, 99, 98, 15, 16, 100, 99, 16, 17, 101, 100, 17, 18, 102, 101, 18, 19, 103, 102, 19, 20, 104, 103, 20, 21, 105, 104, 21, 22, 106, 105, 22, 23, 107, 106, 23, 24, 108, 107, 24, 25, 109, 108, 25, 26, 110, 109, 26, 27, 111, 110, 27, 28, 112, 111, 28, 29, 113, 112, 29, 30, 114, 113, 30, 31, 115, 114, 31, 32, 116, 115, 32, 33, 117, 116, 33, 34, 118, 117, 34, 35, 119, 118, 35, 36, 120, 119, 36, 37, 121, 120, 37, 38, 122, 121, 38, 39, 123, 122, 39, 40, 124, 123, 40, 41, 125, 124, 41, 42, 126, 125, 42, 43, 127, 126, 43, 44, 128, 127, 44, 45, 129, 128, 45, 46, 130, 129, 46, 47, 131, 130, 47, 48, 132, 131, 48, 49, 133, 132, 49, 50, 134, 133, 50, 51, 135, 134, 51, 52, 136, 135, 52, 53, 137, 136, 53, 54, 138, 137, 54, 55, 139, 138, 55, 56, 140, 139, 56, 57, 141, 140, 57, 58, 142, 141, 58, 59, 143, 142, 59, 60, 144, 143, 60, 61, 145, 144, 61, 62, 146, 145, 62, 63, 147, 146, 63, 64, 148, 147, 64, 65, 149, 148, 65, 66, 150, 149, 66, 67, 151, 150, 67, 68, 152, 151, 68, 69, 153, 152, 69, 70, 154, 153, 70, 71, 155, 154, 71, 72, 156, 155, 72, 73, 157, 156, 73, 74, 158, 157, 74, 75, 159, 158, 75, 76, 160, 159, 76, 77, 161, 160, 77, 78, 162, 161, 78, 79, 163, 162, 79, 80, 164, 163, 80, 81, 165, 164, 81, 82, 166, 165, 82, 83, 167, 166, 83, 0, 84, 167]
            rel material:binding = </world/table/surface_texture_mat_1_0>
            point3f[] points = [(-0.18227267, -0.4312057, 0.0471), (-0.16388565, -0.43160182, 0.0471), (-0.17067128, -0.45045626, 0.0471), (-0.13389723, -0.4512485, 0.0471), (-0.13986455, -0.4321193, 0.0471), (-0.1030905, -0.43291155, 0.0471), (-0.109876126, -0.45176598, 0.0471), (-0.07310208, -0.45255825, 0.0471), (-0.0790694, -0.43342906, 0.0471), (-0.042295348, -0.4342213, 0.0471), (-0.04908098, -0.45307574, 0.0471), (-0.012306927, -0.453868, 0.0471), (-0.018274253, -0.4347388, 0.0471), (0.018499801, -0.43553105, 0.0471), (0.011714171, -0.4543855, 0.0471), (0.048488222, -0.45517772, 0.0471), (0.042520896, -0.43604854, 0.0471), (0.07929495, -0.4368408, 0.0471), (0.07250932, -0.45569524, 0.0471), (0.10928337, -0.45648748, 0.0471), (0.10331605, -0.4373583, 0.0471), (0.11200284, -0.44703433, 0.0471), (0.11241512, -0.42891046, 0.0471), (0.13126345, -0.4356277, 0.0471), (0.132088, -0.39937997, 0.0471), (0.11295372, -0.40523317, 0.0471), (0.11377828, -0.36898544, 0.0471), (0.13262661, -0.37570268, 0.0471), (0.13345116, -0.33945495, 0.0471), (0.11431688, -0.34530815, 0.0471), (0.11514144, -0.30906042, 0.0471), (0.13398977, -0.31577766, 0.0471), (0.13481432, -0.27952993, 0.0471), (0.11568004, -0.28538314, 0.0471), (0.11650459, -0.24913542, 0.0471), (0.13535292, -0.25585264, 0.0471), (0.13617748, -0.21960492, 0.0471), (0.1170432, -0.22545813, 0.0471), (0.117867745, -0.1892104, 0.0471), (0.13671608, -0.19592763, 0.0471), (0.13754062, -0.1596799, 0.0471), (0.11840635, -0.16553311, 0.0471), (0.12852655, -0.13812952, 0.0471), (0.110093676, -0.13771744, 0.0471), (0.116061494, -0.15685183, 0.0471), (0.07919572, -0.15602767, 0.0471), (0.08601267, -0.1371791, 0.0471), (0.049146898, -0.13635497, 0.0471), (0.055114716, -0.15548934, 0.0471), (0.018248947, -0.1546652, 0.0471), (0.02506589, -0.13581663, 0.0471), (-0.011799881, -0.13499248, 0.0471), (-0.0058320602, -0.15412685, 0.0471), (-0.042697832, -0.15330271, 0.0471), (-0.03588089, -0.13445415, 0.0471), (-0.07274666, -0.13363001, 0.0471), (-0.06677884, -0.15276438, 0.0471), (-0.10364461, -0.15194023, 0.0471), (-0.09682767, -0.13309166, 0.0471), (-0.13369344, -0.13226752, 0.0471), (-0.12772562, -0.15140189, 0.0471), (-0.16459139, -0.15057775, 0.0471), (-0.15777445, -0.13172919, 0.0471), (-0.18591578, -0.14062102, 0.0471), (-0.1862822, -0.15876083, 0.0471), (-0.16716279, -0.15285373, 0.0471), (-0.16789562, -0.18913335, 0.0471), (-0.18676089, -0.18245897, 0.0471), (-0.18749373, -0.21873859, 0.0471), (-0.16837431, -0.21283148, 0.0471), (-0.16910715, -0.2491111, 0.0471), (-0.18797243, -0.24243672, 0.0471), (-0.18870525, -0.27871633, 0.0471), (-0.16958584, -0.27280924, 0.0471), (-0.17031868, -0.30908886, 0.0471), (-0.18918395, -0.30241448, 0.0471), (-0.18991679, -0.3386941, 0.0471), (-0.17079736, -0.33278698, 0.0471), (-0.1715302, -0.3690666, 0.0471), (-0.19039547, -0.36239222, 0.0471), (-0.19112831, -0.39867184, 0.0471), (-0.1720089, -0.39276472, 0.0471), (-0.17274173, -0.42904434, 0.0471), (-0.191607, -0.42236996, 0.0471), (-0.18227267, -0.4312057, 0.0151), (-0.16388565, -0.43160182, 0.0151), (-0.17067128, -0.45045626, 0.0151), (-0.13389723, -0.4512485, 0.0151), (-0.13986455, -0.4321193, 0.0151), (-0.1030905, -0.43291155, 0.0151), (-0.109876126, -0.45176598, 0.0151), (-0.07310208, -0.45255825, 0.0151), (-0.0790694, -0.43342906, 0.0151), (-0.042295348, -0.4342213, 0.0151), (-0.04908098, -0.45307574, 0.0151), (-0.012306927, -0.453868, 0.0151), (-0.018274253, -0.4347388, 0.0151), (0.018499801, -0.43553105, 0.0151), (0.011714171, -0.4543855, 0.0151), (0.048488222, -0.45517772, 0.0151), (0.042520896, -0.43604854, 0.0151), (0.07929495, -0.4368408, 0.0151), (0.07250932, -0.45569524, 0.0151), (0.10928337, -0.45648748, 0.0151), (0.10331605, -0.4373583, 0.0151), (0.11200284, -0.44703433, 0.0151), (0.11241512, -0.42891046, 0.0151), (0.13126345, -0.4356277, 0.0151), (0.132088, -0.39937997, 0.0151), (0.11295372, -0.40523317, 0.0151), (0.11377828, -0.36898544, 0.0151), (0.13262661, -0.37570268, 0.0151), (0.13345116, -0.33945495, 0.0151), (0.11431688, -0.34530815, 0.0151), (0.11514144, -0.30906042, 0.0151), (0.13398977, -0.31577766, 0.0151), (0.13481432, -0.27952993, 0.0151), (0.11568004, -0.28538314, 0.0151), (0.11650459, -0.24913542, 0.0151), (0.13535292, -0.25585264, 0.0151), (0.13617748, -0.21960492, 0.0151), (0.1170432, -0.22545813, 0.0151), (0.117867745, -0.1892104, 0.0151), (0.13671608, -0.19592763, 0.0151), (0.13754062, -0.1596799, 0.0151), (0.11840635, -0.16553311, 0.0151), (0.12852655, -0.13812952, 0.0151), (0.110093676, -0.13771744, 0.0151), (0.116061494, -0.15685183, 0.0151), (0.07919572, -0.15602767, 0.0151), (0.08601267, -0.1371791, 0.0151), (0.049146898, -0.13635497, 0.0151), (0.055114716, -0.15548934, 0.0151), (0.018248947, -0.1546652, 0.0151), (0.02506589, -0.13581663, 0.0151), (-0.011799881, -0.13499248, 0.0151), (-0.0058320602, -0.15412685, 0.0151), (-0.042697832, -0.15330271, 0.0151), (-0.03588089, -0.13445415, 0.0151), (-0.07274666, -0.13363001, 0.0151), (-0.06677884, -0.15276438, 0.0151), (-0.10364461, -0.15194023, 0.0151), (-0.09682767, -0.13309166, 0.0151), (-0.13369344, -0.13226752, 0.0151), (-0.12772562, -0.15140189, 0.0151), (-0.16459139, -0.15057775, 0.0151), (-0.15777445, -0.13172919, 0.0151), (-0.18591578, -0.14062102, 0.0151), (-0.1862822, -0.15876083, 0.0151), (-0.16716279, -0.15285373, 0.0151), (-0.16789562, -0.18913335, 0.0151), (-0.18676089, -0.18245897, 0.0151), (-0.18749373, -0.21873859, 0.0151), (-0.16837431, -0.21283148, 0.0151), (-0.16910715, -0.2491111, 0.0151), (-0.18797243, -0.24243672, 0.0151), (-0.18870525, -0.27871633, 0.0151), (-0.16958584, -0.27280924, 0.0151), (-0.17031868, -0.30908886, 0.0151), (-0.18918395, -0.30241448, 0.0151), (-0.18991679, -0.3386941, 0.0151), (-0.17079736, -0.33278698, 0.0151), (-0.1715302, -0.3690666, 0.0151), (-0.19039547, -0.36239222, 0.0151), (-0.19112831, -0.39867184, 0.0151), (-0.1720089, -0.39276472, 0.0151), (-0.17274173, -0.42904434, 0.0151), (-0.191607, -0.42236996, 0.0151)]
            texCoord2f[] primvars:st = [(0.97451484, 0.34812722), (0.9952698, 0.34078163), (0.9961419, 0.38059038), (0.97451484, 0.34812722), (0.9961419, 0.38059038), (0.9750845, 0.3741306), (0.97595656, 0.41393936), (0.99671155, 0.40659377), (0.9975837, 0.44640252), (0.97595656, 0.41393936), (0.9975837, 0.44640252), (0.97652626, 0.43994275), (0.97739834, 0.4797515), (0.9981533, 0.4724059), (0.9990254, 0.51221466), (0.97739834, 0.4797515), (0.9990254, 0.51221466), (0.97796804, 0.5057549), (0.9788401, 0.54556364), (0.9995951, 0.538218), (1.0004672, 0.5780268), (0.9788401, 0.54556364), (1.0004672, 0.5780268), (0.9794098, 0.571567), (0.9802819, 0.61137575), (1.0010369, 0.6040302), (1.001909, 0.64383894), (0.9802819, 0.61137575), (1.001909, 0.64383894), (0.98085153, 0.63737917), (0.98085153, 0.63737917), (0.99150294, 0.6467828), (0.9715522, 0.64722914), (0.9802819, 0.61137575), (0.98085153, 0.63737917), (0.9715522, 0.64722914), (0.9794098, 0.571567), (0.9802819, 0.61137575), (0.9715522, 0.64722914), (0.9788401, 0.54556364), (0.9794098, 0.571567), (0.9715522, 0.64722914), (0.97796804, 0.5057549), (0.9788401, 0.54556364), (0.9715522, 0.64722914), (0.97739834, 0.4797515), (0.97796804, 0.5057549), (0.9715522, 0.64722914), (0.97652626, 0.43994275), (0.97739834, 0.4797515), (0.9715522, 0.64722914), (0.97595656, 0.41393936), (0.97652626, 0.43994275), (0.9715522, 0.64722914), (0.9750845, 0.3741306), (0.97595656, 0.41393936), (0.9715522, 0.64722914), (0.97451484, 0.34812722), (0.9750845, 0.3741306), (0.9715522, 0.64722914), (0.9740788, 0.32822284), (0.97451484, 0.34812722), (0.9715522, 0.64722914), (0.9715522, 0.64722914), (0.9789465, 0.6676329), (0.939045, 0.66852546), (0.9715522, 0.64722914), (0.939045, 0.66852546), (0.9454882, 0.6478122), (0.9740788, 0.32822284), (0.9715522, 0.64722914), (0.9454882, 0.6478122), (0.9740788, 0.32822284), (0.9454882, 0.6478122), (0.9055867, 0.64870477), (0.9055867, 0.64870477), (0.91298103, 0.6691085), (0.87307954, 0.6700011), (0.9055867, 0.64870477), (0.87307954, 0.6700011), (0.87952274, 0.6492878), (0.83962125, 0.6501804), (0.84701556, 0.67058414), (0.80711406, 0.6714768), (0.83962125, 0.6501804), (0.80711406, 0.6714768), (0.81355727, 0.65076345), (0.7736558, 0.6516561), (0.7810501, 0.67205983), (0.7411486, 0.6729524), (0.7736558, 0.6516561), (0.7411486, 0.6729524), (0.7475918, 0.65223914), (0.7076903, 0.6531317), (0.7150846, 0.67353547), (0.6751831, 0.67442805), (0.7076903, 0.6531317), (0.6751831, 0.67442805), (0.6816263, 0.6537148), (0.65146047, 0.6646701), (0.6510068, 0.6447161), (0.67206997, 0.6511764), (0.6816263, 0.6537148), (0.65146047, 0.6646701), (0.67206997, 0.6511764), (0.7076903, 0.6531317), (0.6816263, 0.6537148), (0.67206997, 0.6511764), (0.7475918, 0.65223914), (0.7076903, 0.6531317), (0.67206997, 0.6511764), (0.7736558, 0.6516561), (0.7475918, 0.65223914), (0.67206997, 0.6511764), (0.81355727, 0.65076345), (0.7736558, 0.6516561), (0.67206997, 0.6511764), (0.83962125, 0.6501804), (0.81355727, 0.65076345), (0.67206997, 0.6511764), (0.87952274, 0.6492878), (0.83962125, 0.6501804), (0.67206997, 0.6511764), (0.9055867, 0.64870477), (0.87952274, 0.6492878), (0.67206997, 0.6511764), (0.9055867, 0.64870477), (0.67206997, 0.6511764), (0.6711627, 0.61126834), (0.6711627, 0.61126834), (0.6504142, 0.6186479), (0.649507, 0.5787398), (0.6711627, 0.61126834), (0.649507, 0.5787398), (0.67057014, 0.58520013), (0.9055867, 0.64870477), (0.6711627, 0.61126834), (0.67057014, 0.58520013), (0.9055867, 0.64870477), (0.67057014, 0.58520013), (0.6696629, 0.5452921), (0.6696629, 0.5452921), (0.6489144, 0.5526716), (0.6480072, 0.51276356), (0.9055867, 0.64870477), (0.6696629, 0.5452921), (0.6480072, 0.51276356), (0.9055867, 0.64870477), (0.6480072, 0.51276356), (0.6690703, 0.51922387), (0.9055867, 0.64870477), (0.6690703, 0.51922387), (0.6681631, 0.47931582), (0.6681631, 0.47931582), (0.64741457, 0.4866953), (0.6465074, 0.44678727), (0.9055867, 0.64870477), (0.6681631, 0.47931582), (0.6465074, 0.44678727), (0.9055867, 0.64870477), (0.6465074, 0.44678727), (0.6675705, 0.45324758), (0.9055867, 0.64870477), (0.6675705, 0.45324758), (0.6666633, 0.41333953), (0.6666633, 0.41333953), (0.6459148, 0.42071903), (0.64500755, 0.38081098), (0.9055867, 0.64870477), (0.6666633, 0.41333953), (0.64500755, 0.38081098), (0.9055867, 0.64870477), (0.64500755, 0.38081098), (0.6660707, 0.38727129), (0.9055867, 0.64870477), (0.6660707, 0.38727129), (0.66516346, 0.34736326), (0.66516346, 0.34736326), (0.64441496, 0.35474274), (0.6542031, 0.3242791), (0.66516346, 0.34736326), (0.6542031, 0.3242791), (0.6741714, 0.32388246), (0.66516346, 0.34736326), (0.6741714, 0.32388246), (0.6676689, 0.34457967), (0.9055867, 0.64870477), (0.66516346, 0.34736326), (0.6676689, 0.34457967), (0.9055867, 0.64870477), (0.6676689, 0.34457967), (0.7076055, 0.34378636), (0.9055867, 0.64870477), (0.7076055, 0.34378636), (0.7002583, 0.32336426), (0.7002583, 0.32336426), (0.7401949, 0.32257095), (0.73369235, 0.34326816), (0.9055867, 0.64870477), (0.7002583, 0.32336426), (0.73369235, 0.34326816), (0.9055867, 0.64870477), (0.73369235, 0.34326816), (0.773629, 0.34247485), (0.9055867, 0.64870477), (0.773629, 0.34247485), (0.76628184, 0.32205275), (0.76628184, 0.32205275), (0.80621845, 0.32125944), (0.7997159, 0.34195665), (0.9055867, 0.64870477), (0.76628184, 0.32205275), (0.7997159, 0.34195665), (0.9055867, 0.64870477), (0.7997159, 0.34195665), (0.83965254, 0.34116334), (0.83965254, 0.34116334), (0.8323054, 0.32074124), (0.872242, 0.31994793), (0.83965254, 0.34116334), (0.872242, 0.31994793), (0.8657394, 0.34064513), (0.9055867, 0.64870477), (0.83965254, 0.34116334), (0.8657394, 0.34064513), (0.9055867, 0.64870477), (0.8657394, 0.34064513), (0.905676, 0.33985183), (0.905676, 0.33985183), (0.8983289, 0.31942973), (0.9382655, 0.31863642), (0.905676, 0.33985183), (0.9382655, 0.31863642), (0.93176293, 0.33933362), (0.9055867, 0.64870477), (0.905676, 0.33985183), (0.93176293, 0.33933362), (0.9055867, 0.64870477), (0.93176293, 0.33933362), (0.97169954, 0.33854032), (0.9740788, 0.32822284), (0.9055867, 0.64870477), (0.97169954, 0.33854032), (0.9740788, 0.32822284), (0.97169954, 0.33854032), (0.96435237, 0.31811824), (0.9740788, 0.32822284), (0.97451484, 0.34812722), (0.97451484, 0.34812722), (0.9740788, 0.32822284), (0.97451484, 0.34812722), (0.9952698, 0.34078163), (0.9952698, 0.34078163), (0.97451484, 0.34812722), (0.9952698, 0.34078163), (0.9961419, 0.38059038), (0.9961419, 0.38059038), (0.9952698, 0.34078163), (0.9961419, 0.38059038), (0.9750845, 0.3741306), (0.9750845, 0.3741306), (0.9961419, 0.38059038), (0.9750845, 0.3741306), (0.97595656, 0.41393936), (0.97595656, 0.41393936), (0.9750845, 0.3741306), (0.97595656, 0.41393936), (0.99671155, 0.40659377), (0.99671155, 0.40659377), (0.97595656, 0.41393936), (0.99671155, 0.40659377), (0.9975837, 0.44640252), (0.9975837, 0.44640252), (0.99671155, 0.40659377), (0.9975837, 0.44640252), (0.97652626, 0.43994275), (0.97652626, 0.43994275), (0.9975837, 0.44640252), (0.97652626, 0.43994275), (0.97739834, 0.4797515), (0.97739834, 0.4797515), (0.97652626, 0.43994275), (0.97739834, 0.4797515), (0.9981533, 0.4724059), (0.9981533, 0.4724059), (0.97739834, 0.4797515), (0.9981533, 0.4724059), (0.9990254, 0.51221466), (0.9990254, 0.51221466), (0.9981533, 0.4724059), (0.9990254, 0.51221466), (0.97796804, 0.5057549), (0.97796804, 0.5057549), (0.9990254, 0.51221466), (0.97796804, 0.5057549), (0.9788401, 0.54556364), (0.9788401, 0.54556364), (0.97796804, 0.5057549), (0.9788401, 0.54556364), (0.9995951, 0.538218), (0.9995951, 0.538218), (0.9788401, 0.54556364), (0.9995951, 0.538218), (1.0004672, 0.5780268), (1.0004672, 0.5780268), (0.9995951, 0.538218), (1.0004672, 0.5780268), (0.9794098, 0.571567), (0.9794098, 0.571567), (1.0004672, 0.5780268), (0.9794098, 0.571567), (0.9802819, 0.61137575), (0.9802819, 0.61137575), (0.9794098, 0.571567), (0.9802819, 0.61137575), (1.0010369, 0.6040302), (1.0010369, 0.6040302), (0.9802819, 0.61137575), (1.0010369, 0.6040302), (1.001909, 0.64383894), (1.001909, 0.64383894), (1.0010369, 0.6040302), (1.001909, 0.64383894), (0.98085153, 0.63737917), (0.98085153, 0.63737917), (1.001909, 0.64383894), (0.98085153, 0.63737917), (0.99150294, 0.6467828), (0.99150294, 0.6467828), (0.98085153, 0.63737917), (0.99150294, 0.6467828), (0.9715522, 0.64722914), (0.9715522, 0.64722914), (0.99150294, 0.6467828), (0.9715522, 0.64722914), (0.9789465, 0.6676329), (0.9789465, 0.6676329), (0.9715522, 0.64722914), (0.9789465, 0.6676329), (0.939045, 0.66852546), (0.939045, 0.66852546), (0.9789465, 0.6676329), (0.939045, 0.66852546), (0.9454882, 0.6478122), (0.9454882, 0.6478122), (0.939045, 0.66852546), (0.9454882, 0.6478122), (0.9055867, 0.64870477), (0.9055867, 0.64870477), (0.9454882, 0.6478122), (0.9055867, 0.64870477), (0.91298103, 0.6691085), (0.91298103, 0.6691085), (0.9055867, 0.64870477), (0.91298103, 0.6691085), (0.87307954, 0.6700011), (0.87307954, 0.6700011), (0.91298103, 0.6691085), (0.87307954, 0.6700011), (0.87952274, 0.6492878), (0.87952274, 0.6492878), (0.87307954, 0.6700011), (0.87952274, 0.6492878), (0.83962125, 0.6501804), (0.83962125, 0.6501804), (0.87952274, 0.6492878), (0.83962125, 0.6501804), (0.84701556, 0.67058414), (0.84701556, 0.67058414), (0.83962125, 0.6501804), (0.84701556, 0.67058414), (0.80711406, 0.6714768), (0.80711406, 0.6714768), (0.84701556, 0.67058414), (0.80711406, 0.6714768), (0.81355727, 0.65076345), (0.81355727, 0.65076345), (0.80711406, 0.6714768), (0.81355727, 0.65076345), (0.7736558, 0.6516561), (0.7736558, 0.6516561), (0.81355727, 0.65076345), (0.7736558, 0.6516561), (0.7810501, 0.67205983), (0.7810501, 0.67205983), (0.7736558, 0.6516561), (0.7810501, 0.67205983), (0.7411486, 0.6729524), (0.7411486, 0.6729524), (0.7810501, 0.67205983), (0.7411486, 0.6729524), (0.7475918, 0.65223914), (0.7475918, 0.65223914), (0.7411486, 0.6729524), (0.7475918, 0.65223914), (0.7076903, 0.6531317), (0.7076903, 0.6531317), (0.7475918, 0.65223914), (0.7076903, 0.6531317), (0.7150846, 0.67353547), (0.7150846, 0.67353547), (0.7076903, 0.6531317), (0.7150846, 0.67353547), (0.6751831, 0.67442805), (0.6751831, 0.67442805), (0.7150846, 0.67353547), (0.6751831, 0.67442805), (0.6816263, 0.6537148), (0.6816263, 0.6537148), (0.6751831, 0.67442805), (0.6816263, 0.6537148), (0.65146047, 0.6646701), (0.65146047, 0.6646701), (0.6816263, 0.6537148), (0.65146047, 0.6646701), (0.6510068, 0.6447161), (0.6510068, 0.6447161), (0.65146047, 0.6646701), (0.6510068, 0.6447161), (0.67206997, 0.6511764), (0.67206997, 0.6511764), (0.6510068, 0.6447161), (0.67206997, 0.6511764), (0.6711627, 0.61126834), (0.6711627, 0.61126834), (0.67206997, 0.6511764), (0.6711627, 0.61126834), (0.6504142, 0.6186479), (0.6504142, 0.6186479), (0.6711627, 0.61126834), (0.6504142, 0.6186479), (0.649507, 0.5787398), (0.649507, 0.5787398), (0.6504142, 0.6186479), (0.649507, 0.5787398), (0.67057014, 0.58520013), (0.67057014, 0.58520013), (0.649507, 0.5787398), (0.67057014, 0.58520013), (0.6696629, 0.5452921), (0.6696629, 0.5452921), (0.67057014, 0.58520013), (0.6696629, 0.5452921), (0.6489144, 0.5526716), (0.6489144, 0.5526716), (0.6696629, 0.5452921), (0.6489144, 0.5526716), (0.6480072, 0.51276356), (0.6480072, 0.51276356), (0.6489144, 0.5526716), (0.6480072, 0.51276356), (0.6690703, 0.51922387), (0.6690703, 0.51922387), (0.6480072, 0.51276356), (0.6690703, 0.51922387), (0.6681631, 0.47931582), (0.6681631, 0.47931582), (0.6690703, 0.51922387), (0.6681631, 0.47931582), (0.64741457, 0.4866953), (0.64741457, 0.4866953), (0.6681631, 0.47931582), (0.64741457, 0.4866953), (0.6465074, 0.44678727), (0.6465074, 0.44678727), (0.64741457, 0.4866953), (0.6465074, 0.44678727), (0.6675705, 0.45324758), (0.6675705, 0.45324758), (0.6465074, 0.44678727), (0.6675705, 0.45324758), (0.6666633, 0.41333953), (0.6666633, 0.41333953), (0.6675705, 0.45324758), (0.6666633, 0.41333953), (0.6459148, 0.42071903), (0.6459148, 0.42071903), (0.6666633, 0.41333953), (0.6459148, 0.42071903), (0.64500755, 0.38081098), (0.64500755, 0.38081098), (0.6459148, 0.42071903), (0.64500755, 0.38081098), (0.6660707, 0.38727129), (0.6660707, 0.38727129), (0.64500755, 0.38081098), (0.6660707, 0.38727129), (0.66516346, 0.34736326), (0.66516346, 0.34736326), (0.6660707, 0.38727129), (0.66516346, 0.34736326), (0.64441496, 0.35474274), (0.64441496, 0.35474274), (0.66516346, 0.34736326), (0.64441496, 0.35474274), (0.6542031, 0.3242791), (0.6542031, 0.3242791), (0.64441496, 0.35474274), (0.6542031, 0.3242791), (0.6741714, 0.32388246), (0.6741714, 0.32388246), (0.6542031, 0.3242791), (0.6741714, 0.32388246), (0.6676689, 0.34457967), (0.6676689, 0.34457967), (0.6741714, 0.32388246), (0.6676689, 0.34457967), (0.7076055, 0.34378636), (0.7076055, 0.34378636), (0.6676689, 0.34457967), (0.7076055, 0.34378636), (0.7002583, 0.32336426), (0.7002583, 0.32336426), (0.7076055, 0.34378636), (0.7002583, 0.32336426), (0.7401949, 0.32257095), (0.7401949, 0.32257095), (0.7002583, 0.32336426), (0.7401949, 0.32257095), (0.73369235, 0.34326816), (0.73369235, 0.34326816), (0.7401949, 0.32257095), (0.73369235, 0.34326816), (0.773629, 0.34247485), (0.773629, 0.34247485), (0.73369235, 0.34326816), (0.773629, 0.34247485), (0.76628184, 0.32205275), (0.76628184, 0.32205275), (0.773629, 0.34247485), (0.76628184, 0.32205275), (0.80621845, 0.32125944), (0.80621845, 0.32125944), (0.76628184, 0.32205275), (0.80621845, 0.32125944), (0.7997159, 0.34195665), (0.7997159, 0.34195665), (0.80621845, 0.32125944), (0.7997159, 0.34195665), (0.83965254, 0.34116334), (0.83965254, 0.34116334), (0.7997159, 0.34195665), (0.83965254, 0.34116334), (0.8323054, 0.32074124), (0.8323054, 0.32074124), (0.83965254, 0.34116334), (0.8323054, 0.32074124), (0.872242, 0.31994793), (0.872242, 0.31994793), (0.8323054, 0.32074124), (0.872242, 0.31994793), (0.8657394, 0.34064513), (0.8657394, 0.34064513), (0.872242, 0.31994793), (0.8657394, 0.34064513), (0.905676, 0.33985183), (0.905676, 0.33985183), (0.8657394, 0.34064513), (0.905676, 0.33985183), (0.8983289, 0.31942973), (0.8983289, 0.31942973), (0.905676, 0.33985183), (0.8983289, 0.31942973), (0.9382655, 0.31863642), (0.9382655, 0.31863642), (0.8983289, 0.31942973), (0.9382655, 0.31863642), (0.93176293, 0.33933362), (0.93176293, 0.33933362), (0.9382655, 0.31863642), (0.93176293, 0.33933362), (0.97169954, 0.33854032), (0.97169954, 0.33854032), (0.93176293, 0.33933362), (0.97169954, 0.33854032), (0.96435237, 0.31811824), (0.96435237, 0.31811824), (0.97169954, 0.33854032), (0.96435237, 0.31811824), (0.9740788, 0.32822284), (0.9740788, 0.32822284), (0.96435237, 0.31811824)] (
                interpolation = "faceVarying"
            )
            uniform token subdivisionScheme = "none"
        }

        def Mesh "foam_tile_1_1" (
            prepend apiSchemas = ["MaterialBindingAPI"]
        )
        {
            int[] faceVertexCounts = [3, 3, 3, 3, 3, 3, 3, 3, 3, 3, 3, 3, 3, 3, 3, 3, 3, 3, 3, 3, 3, 3, 3, 3, 3, 3, 3, 3, 3, 3, 3, 3, 3, 3, 3, 3, 3, 3, 3, 3, 3, 3, 3, 3, 3, 3, 3, 3, 3, 3, 3, 3, 3, 3, 3, 3, 3, 3, 3, 3, 3, 3, 3, 3, 3, 3, 3, 3, 3, 3, 3, 3, 3, 3, 3, 3, 3, 3, 3, 3, 3, 3, 4, 4, 4, 4, 4, 4, 4, 4, 4, 4, 4, 4, 4, 4, 4, 4, 4, 4, 4, 4, 4, 4, 4, 4, 4, 4, 4, 4, 4, 4, 4, 4, 4, 4, 4, 4, 4, 4, 4, 4, 4, 4, 4, 4, 4, 4, 4, 4, 4, 4, 4, 4, 4, 4, 4, 4, 4, 4, 4, 4, 4, 4, 4, 4, 4, 4, 4, 4, 4, 4, 4, 4, 4, 4, 4, 4, 4, 4, 4, 4, 4, 4, 4, 4]
            int[] faceVertexIndices = [1, 2, 3, 1, 3, 4, 5, 6, 7, 5, 7, 8, 9, 10, 11, 9, 11, 12, 13, 14, 15, 13, 15, 16, 17, 18, 19, 17, 19, 20, 20, 21, 22, 17, 20, 22, 16, 17, 22, 13, 16, 22, 12, 13, 22, 9, 12, 22, 8, 9, 22, 5, 8, 22, 4, 5, 22, 1, 4, 22, 0, 1, 22, 22, 23, 24, 22, 24, 25, 0, 22, 25, 26, 27, 28, 26, 28, 29, 30, 31, 32, 30, 32, 33, 34, 35, 36, 34, 36, 37, 38, 39, 40, 38, 40, 41, 42, 43, 44, 41, 42, 44, 38, 41, 44, 37, 38, 44, 34, 37, 44, 33, 34, 44, 30, 33, 44, 29, 30, 44, 26, 29, 44, 25, 26, 44, 25, 44, 45, 45, 46, 47, 45, 47, 48, 25, 45, 48, 25, 48, 49, 49, 50, 51, 25, 49, 51, 25, 51, 52, 25, 52, 53, 53, 54, 55, 25, 53, 55, 25, 55, 56, 25, 56, 57, 57, 58, 59, 25, 57, 59, 25, 59, 60, 25, 60, 61, 61, 62, 63, 61, 63, 64, 61, 64, 65, 25, 61, 65, 25, 65, 66, 25, 66, 67, 67, 68, 69, 25, 67, 69, 25, 69, 70, 25, 70, 71, 71, 72, 73, 25, 71, 73, 25, 73, 74, 74, 75, 76, 74, 76, 77, 25, 74, 77, 25, 77, 78, 78, 79, 80, 78, 80, 81, 25, 78, 81, 25, 81, 82, 0, 25, 82, 0, 82, 83, 0, 1, 85, 84, 1, 2, 86, 85, 2, 3, 87, 86, 3, 4, 88, 87, 4, 5, 89, 88, 5, 6, 90, 89, 6, 7, 91, 90, 7, 8, 92, 91, 8, 9, 93, 92, 9, 10, 94, 93, 10, 11, 95, 94, 11, 12, 96, 95, 12, 13, 97, 96, 13, 14, 98, 97, 14, 15, 99, 98, 15, 16, 100, 99, 16, 17, 101, 100, 17, 18, 102, 101, 18, 19, 103, 102, 19, 20, 104, 103, 20, 21, 105, 104, 21, 22, 106, 105, 22, 23, 107, 106, 23, 24, 108, 107, 24, 25, 109, 108, 25, 26, 110, 109, 26, 27, 111, 110, 27, 28, 112, 111, 28, 29, 113, 112, 29, 30, 114, 113, 30, 31, 115, 114, 31, 32, 116, 115, 32, 33, 117, 116, 33, 34, 118, 117, 34, 35, 119, 118, 35, 36, 120, 119, 36, 37, 121, 120, 37, 38, 122, 121, 38, 39, 123, 122, 39, 40, 124, 123, 40, 41, 125, 124, 41, 42, 126, 125, 42, 43, 127, 126, 43, 44, 128, 127, 44, 45, 129, 128, 45, 46, 130, 129, 46, 47, 131, 130, 47, 48, 132, 131, 48, 49, 133, 132, 49, 50, 134, 133, 50, 51, 135, 134, 51, 52, 136, 135, 52, 53, 137, 136, 53, 54, 138, 137, 54, 55, 139, 138, 55, 56, 140, 139, 56, 57, 141, 140, 57, 58, 142, 141, 58, 59, 143, 142, 59, 60, 144, 143, 60, 61, 145, 144, 61, 62, 146, 145, 62, 63, 147, 146, 63, 64, 148, 147, 64, 65, 149, 148, 65, 66, 150, 149, 66, 67, 151, 150, 67, 68, 152, 151, 68, 69, 153, 152, 69, 70, 154, 153, 70, 71, 155, 154, 71, 72, 156, 155, 72, 73, 157, 156, 73, 74, 158, 157, 74, 75, 159, 158, 75, 76, 160, 159, 76, 77, 161, 160, 77, 78, 162, 161, 78, 79, 163, 162, 79, 80, 164, 163, 80, 81, 165, 164, 81, 82, 166, 165, 82, 83, 167, 166, 83, 0, 84, 167]
            rel material:binding = </world/table/surface_texture_mat_1_1>
            point3f[] points = [(-0.17620733, -0.13131711, 0.0471), (-0.15777445, -0.13172919, 0.0471), (-0.16459139, -0.15057775, 0.0471), (-0.12772562, -0.15140189, 0.0471), (-0.13369344, -0.13226752, 0.0471), (-0.09682767, -0.13309166, 0.0471), (-0.10364461, -0.15194023, 0.0471), (-0.06677884, -0.15276438, 0.0471), (-0.07274666, -0.13363001, 0.0471), (-0.03588089, -0.13445415, 0.0471), (-0.042697832, -0.15330271, 0.0471), (-0.0058320602, -0.15412685, 0.0471), (-0.011799881, -0.13499248, 0.0471), (0.02506589, -0.13581663, 0.0471), (0.018248947, -0.1546652, 0.0471), (0.055114716, -0.15548934, 0.0471), (0.049146898, -0.13635497, 0.0471), (0.08601267, -0.1371791, 0.0471), (0.07919572, -0.15602767, 0.0471), (0.116061494, -0.15685183, 0.0471), (0.110093676, -0.13771744, 0.0471), (0.11881937, -0.14737885, 0.0471), (0.119285144, -0.12943064, 0.0471), (0.13811344, -0.13614775, 0.0471), (0.139045, -0.100251324, 0.0471), (0.11989364, -0.10598282, 0.0471), (0.120825194, -0.0700864, 0.0471), (0.13965349, -0.076803505, 0.0471), (0.14058505, -0.04090708, 0.0471), (0.1214337, -0.046638574, 0.0471), (0.12236525, -0.01074215, 0.0471), (0.14119354, -0.017459258, 0.0471), (0.1421251, 0.018437166, 0.0471), (0.12297375, 0.0127056725, 0.0471), (0.1239053, 0.048602097, 0.0471), (0.1427336, 0.04188499, 0.0471), (0.14366515, 0.07778141, 0.0471), (0.1245138, 0.072049916, 0.0471), (0.12544535, 0.10794634, 0.0471), (0.14427365, 0.101229236, 0.0471), (0.1452052, 0.13712566, 0.0471), (0.12605385, 0.13139416, 0.0471), (0.13611656, 0.15859354, 0.0471), (0.1176781, 0.1587916, 0.0471), (0.12386836, 0.1397278, 0.0471), (0.08699142, 0.14012395, 0.0471), (0.09358979, 0.15905038, 0.0471), (0.05671285, 0.15944654, 0.0471), (0.06290311, 0.14038272, 0.0471), (0.026026173, 0.14077887, 0.0471), (0.032624546, 0.1597053, 0.0471), (-0.004252394, 0.16010146, 0.0471), (0.0019378673, 0.14103764, 0.0471), (-0.034939073, 0.14143379, 0.0471), (-0.0283407, 0.16036023, 0.0471), (-0.065217644, 0.16075638, 0.0471), (-0.059027378, 0.14169256, 0.0471), (-0.09590432, 0.14208873, 0.0471), (-0.089305945, 0.16101515, 0.0471), (-0.12618288, 0.1614113, 0.0471), (-0.11999263, 0.1423475, 0.0471), (-0.15686956, 0.14274365, 0.0471), (-0.15027119, 0.16167007, 0.0471), (-0.17830661, 0.15261698, 0.0471), (-0.17876679, 0.13488276, 0.0471), (-0.15961738, 0.14054008, 0.0471), (-0.16053776, 0.10507165, 0.0471), (-0.17936799, 0.111714505, 0.0471), (-0.18028837, 0.076246075, 0.0471), (-0.16113897, 0.08190339, 0.0471), (-0.16205935, 0.046434958, 0.0471), (-0.18088958, 0.05307782, 0.0471), (-0.18180996, 0.017609388, 0.0471), (-0.16266055, 0.023266703, 0.0471), (-0.16358092, -0.012201729, 0.0471), (-0.18241116, -0.0055588675, 0.0471), (-0.18333155, -0.0410273, 0.0471), (-0.16418213, -0.035369985, 0.0471), (-0.16510251, -0.070838414, 0.0471), (-0.18393275, -0.06419555, 0.0471), (-0.18485314, -0.09966399, 0.0471), (-0.16570371, -0.09400667, 0.0471), (-0.1666241, -0.1294751, 0.0471), (-0.18545434, -0.12283224, 0.0471), (-0.17620733, -0.13131711, 0.0151), (-0.15777445, -0.13172919, 0.0151), (-0.16459139, -0.15057775, 0.0151), (-0.12772562, -0.15140189, 0.0151), (-0.13369344, -0.13226752, 0.0151), (-0.09682767, -0.13309166, 0.0151), (-0.10364461, -0.15194023, 0.0151), (-0.06677884, -0.15276438, 0.0151), (-0.07274666, -0.13363001, 0.0151), (-0.03588089, -0.13445415, 0.0151), (-0.042697832, -0.15330271, 0.0151), (-0.0058320602, -0.15412685, 0.0151), (-0.011799881, -0.13499248, 0.0151), (0.02506589, -0.13581663, 0.0151), (0.018248947, -0.1546652, 0.0151), (0.055114716, -0.15548934, 0.0151), (0.049146898, -0.13635497, 0.0151), (0.08601267, -0.1371791, 0.0151), (0.07919572, -0.15602767, 0.0151), (0.116061494, -0.15685183, 0.0151), (0.110093676, -0.13771744, 0.0151), (0.11881937, -0.14737885, 0.0151), (0.119285144, -0.12943064, 0.0151), (0.13811344, -0.13614775, 0.0151), (0.139045, -0.100251324, 0.0151), (0.11989364, -0.10598282, 0.0151), (0.120825194, -0.0700864, 0.0151), (0.13965349, -0.076803505, 0.0151), (0.14058505, -0.04090708, 0.0151), (0.1214337, -0.046638574, 0.0151), (0.12236525, -0.01074215, 0.0151), (0.14119354, -0.017459258, 0.0151), (0.1421251, 0.018437166, 0.0151), (0.12297375, 0.0127056725, 0.0151), (0.1239053, 0.048602097, 0.0151), (0.1427336, 0.04188499, 0.0151), (0.14366515, 0.07778141, 0.0151), (0.1245138, 0.072049916, 0.0151), (0.12544535, 0.10794634, 0.0151), (0.14427365, 0.101229236, 0.0151), (0.1452052, 0.13712566, 0.0151), (0.12605385, 0.13139416, 0.0151), (0.13611656, 0.15859354, 0.0151), (0.1176781, 0.1587916, 0.0151), (0.12386836, 0.1397278, 0.0151), (0.08699142, 0.14012395, 0.0151), (0.09358979, 0.15905038, 0.0151), (0.05671285, 0.15944654, 0.0151), (0.06290311, 0.14038272, 0.0151), (0.026026173, 0.14077887, 0.0151), (0.032624546, 0.1597053, 0.0151), (-0.004252394, 0.16010146, 0.0151), (0.0019378673, 0.14103764, 0.0151), (-0.034939073, 0.14143379, 0.0151), (-0.0283407, 0.16036023, 0.0151), (-0.065217644, 0.16075638, 0.0151), (-0.059027378, 0.14169256, 0.0151), (-0.09590432, 0.14208873, 0.0151), (-0.089305945, 0.16101515, 0.0151), (-0.12618288, 0.1614113, 0.0151), (-0.11999263, 0.1423475, 0.0151), (-0.15686956, 0.14274365, 0.0151), (-0.15027119, 0.16167007, 0.0151), (-0.17830661, 0.15261698, 0.0151), (-0.17876679, 0.13488276, 0.0151), (-0.15961738, 0.14054008, 0.0151), (-0.16053776, 0.10507165, 0.0151), (-0.17936799, 0.111714505, 0.0151), (-0.18028837, 0.076246075, 0.0151), (-0.16113897, 0.08190339, 0.0151), (-0.16205935, 0.046434958, 0.0151), (-0.18088958, 0.05307782, 0.0151), (-0.18180996, 0.017609388, 0.0151), (-0.16266055, 0.023266703, 0.0151), (-0.16358092, -0.012201729, 0.0151), (-0.18241116, -0.0055588675, 0.0151), (-0.18333155, -0.0410273, 0.0151), (-0.16418213, -0.035369985, 0.0151), (-0.16510251, -0.070838414, 0.0151), (-0.18393275, -0.06419555, 0.0151), (-0.18485314, -0.09966399, 0.0151), (-0.16570371, -0.09400667, 0.0151), (-0.1666241, -0.1294751, 0.0151), (-0.18545434, -0.12283224, 0.0151)]
            texCoord2f[] primvars:st = [(0.64441496, 0.35474274), (0.66516346, 0.34736326), (0.6660707, 0.38727129), (0.64441496, 0.35474274), (0.6660707, 0.38727129), (0.64500755, 0.38081098), (0.6459148, 0.42071903), (0.6666633, 0.41333953), (0.6675705, 0.45324758), (0.6459148, 0.42071903), (0.6675705, 0.45324758), (0.6465074, 0.44678727), (0.64741457, 0.4866953), (0.6681631, 0.47931582), (0.6690703, 0.51922387), (0.64741457, 0.4866953), (0.6690703, 0.51922387), (0.6480072, 0.51276356), (0.6489144, 0.5526716), (0.6696629, 0.5452921), (0.67057014, 0.58520013), (0.6489144, 0.5526716), (0.67057014, 0.58520013), (0.649507, 0.5787398), (0.6504142, 0.6186479), (0.6711627, 0.61126834), (0.67206997, 0.6511764), (0.6504142, 0.6186479), (0.67206997, 0.6511764), (0.6510068, 0.6447161), (0.6510068, 0.6447161), (0.66164213, 0.6541619), (0.6418847, 0.65466607), (0.6504142, 0.6186479), (0.6510068, 0.6447161), (0.6418847, 0.65466607), (0.649507, 0.5787398), (0.6504142, 0.6186479), (0.6418847, 0.65466607), (0.6489144, 0.5526716), (0.649507, 0.5787398), (0.6418847, 0.65466607), (0.6480072, 0.51276356), (0.6489144, 0.5526716), (0.6418847, 0.65466607), (0.64741457, 0.4866953), (0.6480072, 0.51276356), (0.6418847, 0.65466607), (0.6465074, 0.44678727), (0.64741457, 0.4866953), (0.6418847, 0.65466607), (0.6459148, 0.42071903), (0.6465074, 0.44678727), (0.6418847, 0.65466607), (0.64500755, 0.38081098), (0.6459148, 0.42071903), (0.6418847, 0.65466607), (0.64441496, 0.35474274), (0.64500755, 0.38081098), (0.6418847, 0.65466607), (0.6439613, 0.33478874), (0.64441496, 0.35474274), (0.6418847, 0.65466607), (0.6418847, 0.65466607), (0.6492789, 0.6750481), (0.6097641, 0.67605656), (0.6418847, 0.65466607), (0.6097641, 0.67605656), (0.61607337, 0.6553248), (0.6439613, 0.33478874), (0.6418847, 0.65466607), (0.61607337, 0.6553248), (0.57655853, 0.6563332), (0.5839527, 0.67671525), (0.54443794, 0.6777237), (0.57655853, 0.6563332), (0.54443794, 0.6777237), (0.55074716, 0.65699196), (0.5112324, 0.65800035), (0.5186266, 0.6783824), (0.4791118, 0.67939085), (0.5112324, 0.65800035), (0.4791118, 0.67939085), (0.48542103, 0.6586591), (0.44590622, 0.6596675), (0.45330042, 0.68004954), (0.41378564, 0.681058), (0.44590622, 0.6596675), (0.41378564, 0.681058), (0.42009485, 0.66032624), (0.38058007, 0.66133463), (0.38797426, 0.6817167), (0.34845948, 0.68272513), (0.38058007, 0.66133463), (0.34845948, 0.68272513), (0.3547687, 0.6619934), (0.3248276, 0.6728865), (0.32460958, 0.6529264), (0.34559503, 0.6596275), (0.3547687, 0.6619934), (0.3248276, 0.6728865), (0.34559503, 0.6596275), (0.38058007, 0.66133463), (0.3547687, 0.6619934), (0.34559503, 0.6596275), (0.42009485, 0.66032624), (0.38058007, 0.66133463), (0.34559503, 0.6596275), (0.44590622, 0.6596675), (0.42009485, 0.66032624), (0.34559503, 0.6596275), (0.48542103, 0.6586591), (0.44590622, 0.6596675), (0.34559503, 0.6596275), (0.5112324, 0.65800035), (0.48542103, 0.6586591), (0.34559503, 0.6596275), (0.55074716, 0.65699196), (0.5112324, 0.65800035), (0.34559503, 0.6596275), (0.57655853, 0.6563332), (0.55074716, 0.65699196), (0.34559503, 0.6596275), (0.61607337, 0.6553248), (0.57655853, 0.6563332), (0.34559503, 0.6596275), (0.61607337, 0.6553248), (0.34559503, 0.6596275), (0.34515893, 0.6197074), (0.34515893, 0.6197074), (0.32432473, 0.62685025), (0.32388863, 0.58693016), (0.34515893, 0.6197074), (0.32388863, 0.58693016), (0.34487408, 0.59363127), (0.61607337, 0.6553248), (0.34515893, 0.6197074), (0.34487408, 0.59363127), (0.61607337, 0.6553248), (0.34487408, 0.59363127), (0.34443802, 0.5537111), (0.34443802, 0.5537111), (0.32360378, 0.560854), (0.3231677, 0.52093387), (0.61607337, 0.6553248), (0.34443802, 0.5537111), (0.3231677, 0.52093387), (0.61607337, 0.6553248), (0.3231677, 0.52093387), (0.34415317, 0.527635), (0.61607337, 0.6553248), (0.34415317, 0.527635), (0.34371707, 0.48771483), (0.34371707, 0.48771483), (0.32288286, 0.49485773), (0.32244676, 0.4549376), (0.61607337, 0.6553248), (0.34371707, 0.48771483), (0.32244676, 0.4549376), (0.61607337, 0.6553248), (0.32244676, 0.4549376), (0.34343222, 0.4616387), (0.61607337, 0.6553248), (0.34343222, 0.4616387), (0.34299612, 0.42171857), (0.34299612, 0.42171857), (0.3221619, 0.42886147), (0.32172582, 0.38894132), (0.61607337, 0.6553248), (0.34299612, 0.42171857), (0.32172582, 0.38894132), (0.61607337, 0.6553248), (0.32172582, 0.38894132), (0.34271127, 0.39564243), (0.61607337, 0.6553248), (0.34271127, 0.39564243), (0.34227517, 0.3557223), (0.34227517, 0.3557223), (0.32144096, 0.36286518), (0.33140662, 0.33251622), (0.34227517, 0.3557223), (0.33140662, 0.33251622), (0.35092846, 0.33201805), (0.34227517, 0.3557223), (0.35092846, 0.33201805), (0.34470087, 0.35274774), (0.61607337, 0.6553248), (0.34227517, 0.3557223), (0.34470087, 0.35274774), (0.61607337, 0.6553248), (0.34470087, 0.35274774), (0.38374454, 0.3517514), (0.61607337, 0.6553248), (0.38374454, 0.3517514), (0.37643206, 0.33136722), (0.37643206, 0.33136722), (0.41547573, 0.3303709), (0.40924814, 0.3511006), (0.61607337, 0.6553248), (0.37643206, 0.33136722), (0.40924814, 0.3511006), (0.61607337, 0.6553248), (0.40924814, 0.3511006), (0.4482918, 0.35010424), (0.61607337, 0.6553248), (0.4482918, 0.35010424), (0.44097936, 0.32972008), (0.44097936, 0.32972008), (0.480023, 0.32872376), (0.47379544, 0.34945342), (0.61607337, 0.6553248), (0.44097936, 0.32972008), (0.47379544, 0.34945342), (0.61607337, 0.6553248), (0.47379544, 0.34945342), (0.5128391, 0.3484571), (0.5128391, 0.3484571), (0.5055266, 0.32807294), (0.54457027, 0.3270766), (0.5128391, 0.3484571), (0.54457027, 0.3270766), (0.5383427, 0.34780627), (0.61607337, 0.6553248), (0.5128391, 0.3484571), (0.5383427, 0.34780627), (0.61607337, 0.6553248), (0.5383427, 0.34780627), (0.5773864, 0.34680995), (0.5773864, 0.34680995), (0.5700739, 0.3264258), (0.60911757, 0.32542944), (0.5773864, 0.34680995), (0.60911757, 0.32542944), (0.60289, 0.34615913), (0.61607337, 0.6553248), (0.5773864, 0.34680995), (0.60289, 0.34615913), (0.61607337, 0.6553248), (0.60289, 0.34615913), (0.6419337, 0.3451628), (0.6439613, 0.33478874), (0.61607337, 0.6553248), (0.6419337, 0.3451628), (0.6439613, 0.33478874), (0.6419337, 0.3451628), (0.6346212, 0.32477865), (0.6439613, 0.33478874), (0.64441496, 0.35474274), (0.64441496, 0.35474274), (0.6439613, 0.33478874), (0.64441496, 0.35474274), (0.66516346, 0.34736326), (0.66516346, 0.34736326), (0.64441496, 0.35474274), (0.66516346, 0.34736326), (0.6660707, 0.38727129), (0.6660707, 0.38727129), (0.66516346, 0.34736326), (0.6660707, 0.38727129), (0.64500755, 0.38081098), (0.64500755, 0.38081098), (0.6660707, 0.38727129), (0.64500755, 0.38081098), (0.6459148, 0.42071903), (0.6459148, 0.42071903), (0.64500755, 0.38081098), (0.6459148, 0.42071903), (0.6666633, 0.41333953), (0.6666633, 0.41333953), (0.6459148, 0.42071903), (0.6666633, 0.41333953), (0.6675705, 0.45324758), (0.6675705, 0.45324758), (0.6666633, 0.41333953), (0.6675705, 0.45324758), (0.6465074, 0.44678727), (0.6465074, 0.44678727), (0.6675705, 0.45324758), (0.6465074, 0.44678727), (0.64741457, 0.4866953), (0.64741457, 0.4866953), (0.6465074, 0.44678727), (0.64741457, 0.4866953), (0.6681631, 0.47931582), (0.6681631, 0.47931582), (0.64741457, 0.4866953), (0.6681631, 0.47931582), (0.6690703, 0.51922387), (0.6690703, 0.51922387), (0.6681631, 0.47931582), (0.6690703, 0.51922387), (0.6480072, 0.51276356), (0.6480072, 0.51276356), (0.6690703, 0.51922387), (0.6480072, 0.51276356), (0.6489144, 0.5526716), (0.6489144, 0.5526716), (0.6480072, 0.51276356), (0.6489144, 0.5526716), (0.6696629, 0.5452921), (0.6696629, 0.5452921), (0.6489144, 0.5526716), (0.6696629, 0.5452921), (0.67057014, 0.58520013), (0.67057014, 0.58520013), (0.6696629, 0.5452921), (0.67057014, 0.58520013), (0.649507, 0.5787398), (0.649507, 0.5787398), (0.67057014, 0.58520013), (0.649507, 0.5787398), (0.6504142, 0.6186479), (0.6504142, 0.6186479), (0.649507, 0.5787398), (0.6504142, 0.6186479), (0.6711627, 0.61126834), (0.6711627, 0.61126834), (0.6504142, 0.6186479), (0.6711627, 0.61126834), (0.67206997, 0.6511764), (0.67206997, 0.6511764), (0.6711627, 0.61126834), (0.67206997, 0.6511764), (0.6510068, 0.6447161), (0.6510068, 0.6447161), (0.67206997, 0.6511764), (0.6510068, 0.6447161), (0.66164213, 0.6541619), (0.66164213, 0.6541619), (0.6510068, 0.6447161), (0.66164213, 0.6541619), (0.6418847, 0.65466607), (0.6418847, 0.65466607), (0.66164213, 0.6541619), (0.6418847, 0.65466607), (0.6492789, 0.6750481), (0.6492789, 0.6750481), (0.6418847, 0.65466607), (0.6492789, 0.6750481), (0.6097641, 0.67605656), (0.6097641, 0.67605656), (0.6492789, 0.6750481), (0.6097641, 0.67605656), (0.61607337, 0.6553248), (0.61607337, 0.6553248), (0.6097641, 0.67605656), (0.61607337, 0.6553248), (0.57655853, 0.6563332), (0.57655853, 0.6563332), (0.61607337, 0.6553248), (0.57655853, 0.6563332), (0.5839527, 0.67671525), (0.5839527, 0.67671525), (0.57655853, 0.6563332), (0.5839527, 0.67671525), (0.54443794, 0.6777237), (0.54443794, 0.6777237), (0.5839527, 0.67671525), (0.54443794, 0.6777237), (0.55074716, 0.65699196), (0.55074716, 0.65699196), (0.54443794, 0.6777237), (0.55074716, 0.65699196), (0.5112324, 0.65800035), (0.5112324, 0.65800035), (0.55074716, 0.65699196), (0.5112324, 0.65800035), (0.5186266, 0.6783824), (0.5186266, 0.6783824), (0.5112324, 0.65800035), (0.5186266, 0.6783824), (0.4791118, 0.67939085), (0.4791118, 0.67939085), (0.5186266, 0.6783824), (0.4791118, 0.67939085), (0.48542103, 0.6586591), (0.48542103, 0.6586591), (0.4791118, 0.67939085), (0.48542103, 0.6586591), (0.44590622, 0.6596675), (0.44590622, 0.6596675), (0.48542103, 0.6586591), (0.44590622, 0.6596675), (0.45330042, 0.68004954), (0.45330042, 0.68004954), (0.44590622, 0.6596675), (0.45330042, 0.68004954), (0.41378564, 0.681058), (0.41378564, 0.681058), (0.45330042, 0.68004954), (0.41378564, 0.681058), (0.42009485, 0.66032624), (0.42009485, 0.66032624), (0.41378564, 0.681058), (0.42009485, 0.66032624), (0.38058007, 0.66133463), (0.38058007, 0.66133463), (0.42009485, 0.66032624), (0.38058007, 0.66133463), (0.38797426, 0.6817167), (0.38797426, 0.6817167), (0.38058007, 0.66133463), (0.38797426, 0.6817167), (0.34845948, 0.68272513), (0.34845948, 0.68272513), (0.38797426, 0.6817167), (0.34845948, 0.68272513), (0.3547687, 0.6619934), (0.3547687, 0.6619934), (0.34845948, 0.68272513), (0.3547687, 0.6619934), (0.3248276, 0.6728865), (0.3248276, 0.6728865), (0.3547687, 0.6619934), (0.3248276, 0.6728865), (0.32460958, 0.6529264), (0.32460958, 0.6529264), (0.3248276, 0.6728865), (0.32460958, 0.6529264), (0.34559503, 0.6596275), (0.34559503, 0.6596275), (0.32460958, 0.6529264), (0.34559503, 0.6596275), (0.34515893, 0.6197074), (0.34515893, 0.6197074), (0.34559503, 0.6596275), (0.34515893, 0.6197074), (0.32432473, 0.62685025), (0.32432473, 0.62685025), (0.34515893, 0.6197074), (0.32432473, 0.62685025), (0.32388863, 0.58693016), (0.32388863, 0.58693016), (0.32432473, 0.62685025), (0.32388863, 0.58693016), (0.34487408, 0.59363127), (0.34487408, 0.59363127), (0.32388863, 0.58693016), (0.34487408, 0.59363127), (0.34443802, 0.5537111), (0.34443802, 0.5537111), (0.34487408, 0.59363127), (0.34443802, 0.5537111), (0.32360378, 0.560854), (0.32360378, 0.560854), (0.34443802, 0.5537111), (0.32360378, 0.560854), (0.3231677, 0.52093387), (0.3231677, 0.52093387), (0.32360378, 0.560854), (0.3231677, 0.52093387), (0.34415317, 0.527635), (0.34415317, 0.527635), (0.3231677, 0.52093387), (0.34415317, 0.527635), (0.34371707, 0.48771483), (0.34371707, 0.48771483), (0.34415317, 0.527635), (0.34371707, 0.48771483), (0.32288286, 0.49485773), (0.32288286, 0.49485773), (0.34371707, 0.48771483), (0.32288286, 0.49485773), (0.32244676, 0.4549376), (0.32244676, 0.4549376), (0.32288286, 0.49485773), (0.32244676, 0.4549376), (0.34343222, 0.4616387), (0.34343222, 0.4616387), (0.32244676, 0.4549376), (0.34343222, 0.4616387), (0.34299612, 0.42171857), (0.34299612, 0.42171857), (0.34343222, 0.4616387), (0.34299612, 0.42171857), (0.3221619, 0.42886147), (0.3221619, 0.42886147), (0.34299612, 0.42171857), (0.3221619, 0.42886147), (0.32172582, 0.38894132), (0.32172582, 0.38894132), (0.3221619, 0.42886147), (0.32172582, 0.38894132), (0.34271127, 0.39564243), (0.34271127, 0.39564243), (0.32172582, 0.38894132), (0.34271127, 0.39564243), (0.34227517, 0.3557223), (0.34227517, 0.3557223), (0.34271127, 0.39564243), (0.34227517, 0.3557223), (0.32144096, 0.36286518), (0.32144096, 0.36286518), (0.34227517, 0.3557223), (0.32144096, 0.36286518), (0.33140662, 0.33251622), (0.33140662, 0.33251622), (0.32144096, 0.36286518), (0.33140662, 0.33251622), (0.35092846, 0.33201805), (0.35092846, 0.33201805), (0.33140662, 0.33251622), (0.35092846, 0.33201805), (0.34470087, 0.35274774), (0.34470087, 0.35274774), (0.35092846, 0.33201805), (0.34470087, 0.35274774), (0.38374454, 0.3517514), (0.38374454, 0.3517514), (0.34470087, 0.35274774), (0.38374454, 0.3517514), (0.37643206, 0.33136722), (0.37643206, 0.33136722), (0.38374454, 0.3517514), (0.37643206, 0.33136722), (0.41547573, 0.3303709), (0.41547573, 0.3303709), (0.37643206, 0.33136722), (0.41547573, 0.3303709), (0.40924814, 0.3511006), (0.40924814, 0.3511006), (0.41547573, 0.3303709), (0.40924814, 0.3511006), (0.4482918, 0.35010424), (0.4482918, 0.35010424), (0.40924814, 0.3511006), (0.4482918, 0.35010424), (0.44097936, 0.32972008), (0.44097936, 0.32972008), (0.4482918, 0.35010424), (0.44097936, 0.32972008), (0.480023, 0.32872376), (0.480023, 0.32872376), (0.44097936, 0.32972008), (0.480023, 0.32872376), (0.47379544, 0.34945342), (0.47379544, 0.34945342), (0.480023, 0.32872376), (0.47379544, 0.34945342), (0.5128391, 0.3484571), (0.5128391, 0.3484571), (0.47379544, 0.34945342), (0.5128391, 0.3484571), (0.5055266, 0.32807294), (0.5055266, 0.32807294), (0.5128391, 0.3484571), (0.5055266, 0.32807294), (0.54457027, 0.3270766), (0.54457027, 0.3270766), (0.5055266, 0.32807294), (0.54457027, 0.3270766), (0.5383427, 0.34780627), (0.5383427, 0.34780627), (0.54457027, 0.3270766), (0.5383427, 0.34780627), (0.5773864, 0.34680995), (0.5773864, 0.34680995), (0.5383427, 0.34780627), (0.5773864, 0.34680995), (0.5700739, 0.3264258), (0.5700739, 0.3264258), (0.5773864, 0.34680995), (0.5700739, 0.3264258), (0.60911757, 0.32542944), (0.60911757, 0.32542944), (0.5700739, 0.3264258), (0.60911757, 0.32542944), (0.60289, 0.34615913), (0.60289, 0.34615913), (0.60911757, 0.32542944), (0.60289, 0.34615913), (0.6419337, 0.3451628), (0.6419337, 0.3451628), (0.60289, 0.34615913), (0.6419337, 0.3451628), (0.6346212, 0.32477865), (0.6346212, 0.32477865), (0.6419337, 0.3451628), (0.6346212, 0.32477865), (0.6439613, 0.33478874), (0.6439613, 0.33478874), (0.6346212, 0.32477865)] (
                interpolation = "faceVarying"
            )
            uniform token subdivisionScheme = "none"
        }

        def Mesh "foam_tile_1_2" (
            prepend apiSchemas = ["MaterialBindingAPI"]
        )
        {
            int[] faceVertexCounts = [3, 3, 3, 3, 3, 3, 3, 3, 3, 3, 3, 3, 3, 3, 3, 3, 3, 3, 3, 3, 3, 3, 3, 3, 3, 3, 3, 3, 3, 3, 3, 3, 3, 3, 3, 3, 3, 3, 3, 3, 3, 3, 3, 3, 3, 3, 3, 3, 3, 3, 3, 3, 3, 3, 3, 3, 3, 3, 3, 3, 3, 3, 3, 3, 3, 3, 3, 3, 3, 3, 3, 3, 3, 3, 3, 3, 3, 3, 3, 3, 3, 3, 4, 4, 4, 4, 4, 4, 4, 4, 4, 4, 4, 4, 4, 4, 4, 4, 4, 4, 4, 4, 4, 4, 4, 4, 4, 4, 4, 4, 4, 4, 4, 4, 4, 4, 4, 4, 4, 4, 4, 4, 4, 4, 4, 4, 4, 4, 4, 4, 4, 4, 4, 4, 4, 4, 4, 4, 4, 4, 4, 4, 4, 4, 4, 4, 4, 4, 4, 4, 4, 4, 4, 4, 4, 4, 4, 4, 4, 4, 4, 4, 4, 4, 4, 4]
            int[] faceVertexIndices = [1, 2, 3, 1, 3, 4, 5, 6, 7, 5, 7, 8, 9, 10, 11, 9, 11, 12, 13, 14, 15, 13, 15, 16, 17, 18, 19, 17, 19, 20, 20, 21, 22, 17, 20, 22, 16, 17, 22, 13, 16, 22, 12, 13, 22, 9, 12, 22, 8, 9, 22, 5, 8, 22, 4, 5, 22, 1, 4, 22, 0, 1, 22, 22, 23, 24, 22, 24, 25, 0, 22, 25, 26, 27, 28, 26, 28, 29, 30, 31, 32, 30, 32, 33, 34, 35, 36, 34, 36, 37, 38, 39, 40, 38, 40, 41, 42, 43, 44, 41, 42, 44, 38, 41, 44, 37, 38, 44, 34, 37, 44, 33, 34, 44, 30, 33, 44, 29, 30, 44, 26, 29, 44, 25, 26, 44, 25, 44, 45, 45, 46, 47, 45, 47, 48, 25, 45, 48, 25, 48, 49, 49, 50, 51, 25, 49, 51, 25, 51, 52, 25, 52, 53, 53, 54, 55, 25, 53, 55, 25, 55, 56, 25, 56, 57, 57, 58, 59, 25, 57, 59, 25, 59, 60, 25, 60, 61, 61, 62, 63, 61, 63, 64, 61, 64, 65, 25, 61, 65, 25, 65, 66, 25, 66, 67, 67, 68, 69, 25, 67, 69, 25, 69, 70, 25, 70, 71, 71, 72, 73, 25, 71, 73, 25, 73, 74, 74, 75, 76, 74, 76, 77, 25, 74, 77, 25, 77, 78, 78, 79, 80, 78, 80, 81, 25, 78, 81, 25, 81, 82, 0, 25, 82, 0, 82, 83, 0, 1, 85, 84, 1, 2, 86, 85, 2, 3, 87, 86, 3, 4, 88, 87, 4, 5, 89, 88, 5, 6, 90, 89, 6, 7, 91, 90, 7, 8, 92, 91, 8, 9, 93, 92, 9, 10, 94, 93, 10, 11, 95, 94, 11, 12, 96, 95, 12, 13, 97, 96, 13, 14, 98, 97, 14, 15, 99, 98, 15, 16, 100, 99, 16, 17, 101, 100, 17, 18, 102, 101, 18, 19, 103, 102, 19, 20, 104, 103, 20, 21, 105, 104, 21, 22, 106, 105, 22, 23, 107, 106, 23, 24, 108, 107, 24, 25, 109, 108, 25, 26, 110, 109, 26, 27, 111, 110, 27, 28, 112, 111, 28, 29, 113, 112, 29, 30, 114, 113, 30, 31, 115, 114, 31, 32, 116, 115, 32, 33, 117, 116, 33, 34, 118, 117, 34, 35, 119, 118, 35, 36, 120, 119, 36, 37, 121, 120, 37, 38, 122, 121, 38, 39, 123, 122, 39, 40, 124, 123, 40, 41, 125, 124, 41, 42, 126, 125, 42, 43, 127, 126, 43, 44, 128, 127, 44, 45, 129, 128, 45, 46, 130, 129, 46, 47, 131, 130, 47, 48, 132, 131, 48, 49, 133, 132, 49, 50, 134, 133, 50, 51, 135, 134, 51, 52, 136, 135, 52, 53, 137, 136, 53, 54, 138, 137, 54, 55, 139, 138, 55, 56, 140, 139, 56, 57, 141, 140, 57, 58, 142, 141, 58, 59, 143, 142, 59, 60, 144, 143, 60, 61, 145, 144, 61, 62, 146, 145, 62, 63, 147, 146, 63, 64, 148, 147, 64, 65, 149, 148, 65, 66, 150, 149, 66, 67, 151, 150, 67, 68, 152, 151, 68, 69, 153, 152, 69, 70, 154, 153, 70, 71, 155, 154, 71, 72, 156, 155, 72, 73, 157, 156, 73, 74, 158, 157, 74, 75, 159, 158, 75, 76, 160, 159, 76, 77, 161, 160, 77, 78, 162, 161, 78, 79, 163, 162, 79, 80, 164, 163, 80, 81, 165, 164, 81, 82, 166, 165, 82, 83, 167, 166, 83, 0, 84, 167]
            rel material:binding = </world/table/surface_texture_mat_1_2>
            point3f[] points = [(-0.16870967, 0.16186816, 0.0471), (-0.15027119, 0.16167007, 0.0471), (-0.15686956, 0.14274365, 0.0471), (-0.11999263, 0.1423475, 0.0471), (-0.12618288, 0.1614113, 0.0471), (-0.089305945, 0.16101515, 0.0471), (-0.09590432, 0.14208873, 0.0471), (-0.059027378, 0.14169256, 0.0471), (-0.065217644, 0.16075638, 0.0471), (-0.0283407, 0.16036023, 0.0471), (-0.034939073, 0.14143379, 0.0471), (0.0019378673, 0.14103764, 0.0471), (-0.004252394, 0.16010146, 0.0471), (0.032624546, 0.1597053, 0.0471), (0.026026173, 0.14077887, 0.0471), (0.06290311, 0.14038272, 0.0471), (0.05671285, 0.15944654, 0.0471), (0.09358979, 0.15905038, 0.0471), (0.08699142, 0.14012395, 0.0471), (0.12386836, 0.1397278, 0.0471), (0.1176781, 0.1587916, 0.0471), (0.12651682, 0.14918105, 0.0471), (0.12667507, 0.1668479, 0.0471), (0.14561565, 0.16055101, 0.0471), (0.14593217, 0.1958847, 0.0471), (0.12688184, 0.18992814, 0.0471), (0.12719835, 0.22526184, 0.0471), (0.14613894, 0.21896495, 0.0471), (0.14645545, 0.25429863, 0.0471), (0.12740512, 0.24834208, 0.0471), (0.12772164, 0.28367576, 0.0471), (0.14666222, 0.2773789, 0.0471), (0.14697874, 0.31271258, 0.0471), (0.1279284, 0.30675602, 0.0471), (0.12824492, 0.3420897, 0.0471), (0.1471855, 0.3357928, 0.0471), (0.14750202, 0.3711265, 0.0471), (0.12845169, 0.36516994, 0.0471), (0.1287682, 0.40050364, 0.0471), (0.14770879, 0.39420676, 0.0471), (0.1480253, 0.42954046, 0.0471), (0.12897497, 0.4235839, 0.0471), (0.13882914, 0.4506617, 0.0471), (0.120698296, 0.4510401, 0.0471), (0.12658955, 0.4319168, 0.0471), (0.09032785, 0.4326736, 0.0471), (0.09701187, 0.45153445, 0.0471), (0.060750164, 0.45229125, 0.0471), (0.06664143, 0.43316793, 0.0471), (0.030379724, 0.43392476, 0.0471), (0.03706374, 0.4527856, 0.0471), (0.0008020347, 0.4535424, 0.0471), (0.0066932957, 0.4344191, 0.0471), (-0.029568408, 0.4351759, 0.0471), (-0.022884393, 0.45403677, 0.0471), (-0.059146095, 0.45479357, 0.0471), (-0.053254835, 0.43567026, 0.0471), (-0.08951654, 0.43642706, 0.0471), (-0.08283252, 0.45528793, 0.0471), (-0.11909423, 0.45604473, 0.0471), (-0.11320297, 0.43692142, 0.0471), (-0.14946467, 0.43767822, 0.0471), (-0.14278066, 0.4565391, 0.0471), (-0.17060457, 0.4476693, 0.0471), (-0.17107046, 0.42982212, 0.0471), (-0.15191914, 0.43551567, 0.0471), (-0.1528509, 0.39982134, 0.0471), (-0.17167908, 0.4065063, 0.0471), (-0.17261085, 0.37081194, 0.0471), (-0.15345953, 0.3765055, 0.0471), (-0.1543913, 0.34081116, 0.0471), (-0.17321949, 0.34749612, 0.0471), (-0.17415126, 0.3118018, 0.0471), (-0.15499994, 0.31749535, 0.0471), (-0.1559317, 0.281801, 0.0471), (-0.17475988, 0.28848594, 0.0471), (-0.17569165, 0.2527916, 0.0471), (-0.15654033, 0.25848517, 0.0471), (-0.1574721, 0.22279082, 0.0471), (-0.17630029, 0.22947578, 0.0471), (-0.17723204, 0.19378144, 0.0471), (-0.15808074, 0.19947499, 0.0471), (-0.1590125, 0.16378064, 0.0471), (-0.17784068, 0.17046562, 0.0471), (-0.16870967, 0.16186816, 0.0151), (-0.15027119, 0.16167007, 0.0151), (-0.15686956, 0.14274365, 0.0151), (-0.11999263, 0.1423475, 0.0151), (-0.12618288, 0.1614113, 0.0151), (-0.089305945, 0.16101515, 0.0151), (-0.09590432, 0.14208873, 0.0151), (-0.059027378, 0.14169256, 0.0151), (-0.065217644, 0.16075638, 0.0151), (-0.0283407, 0.16036023, 0.0151), (-0.034939073, 0.14143379, 0.0151), (0.0019378673, 0.14103764, 0.0151), (-0.004252394, 0.16010146, 0.0151), (0.032624546, 0.1597053, 0.0151), (0.026026173, 0.14077887, 0.0151), (0.06290311, 0.14038272, 0.0151), (0.05671285, 0.15944654, 0.0151), (0.09358979, 0.15905038, 0.0151), (0.08699142, 0.14012395, 0.0151), (0.12386836, 0.1397278, 0.0151), (0.1176781, 0.1587916, 0.0151), (0.12651682, 0.14918105, 0.0151), (0.12667507, 0.1668479, 0.0151), (0.14561565, 0.16055101, 0.0151), (0.14593217, 0.1958847, 0.0151), (0.12688184, 0.18992814, 0.0151), (0.12719835, 0.22526184, 0.0151), (0.14613894, 0.21896495, 0.0151), (0.14645545, 0.25429863, 0.0151), (0.12740512, 0.24834208, 0.0151), (0.12772164, 0.28367576, 0.0151), (0.14666222, 0.2773789, 0.0151), (0.14697874, 0.31271258, 0.0151), (0.1279284, 0.30675602, 0.0151), (0.12824492, 0.3420897, 0.0151), (0.1471855, 0.3357928, 0.0151), (0.14750202, 0.3711265, 0.0151), (0.12845169, 0.36516994, 0.0151), (0.1287682, 0.40050364, 0.0151), (0.14770879, 0.39420676, 0.0151), (0.1480253, 0.42954046, 0.0151), (0.12897497, 0.4235839, 0.0151), (0.13882914, 0.4506617, 0.0151), (0.120698296, 0.4510401, 0.0151), (0.12658955, 0.4319168, 0.0151), (0.09032785, 0.4326736, 0.0151), (0.09701187, 0.45153445, 0.0151), (0.060750164, 0.45229125, 0.0151), (0.06664143, 0.43316793, 0.0151), (0.030379724, 0.43392476, 0.0151), (0.03706374, 0.4527856, 0.0151), (0.0008020347, 0.4535424, 0.0151), (0.0066932957, 0.4344191, 0.0151), (-0.029568408, 0.4351759, 0.0151), (-0.022884393, 0.45403677, 0.0151), (-0.059146095, 0.45479357, 0.0151), (-0.053254835, 0.43567026, 0.0151), (-0.08951654, 0.43642706, 0.0151), (-0.08283252, 0.45528793, 0.0151), (-0.11909423, 0.45604473, 0.0151), (-0.11320297, 0.43692142, 0.0151), (-0.14946467, 0.43767822, 0.0151), (-0.14278066, 0.4565391, 0.0151), (-0.17060457, 0.4476693, 0.0151), (-0.17107046, 0.42982212, 0.0151), (-0.15191914, 0.43551567, 0.0151), (-0.1528509, 0.39982134, 0.0151), (-0.17167908, 0.4065063, 0.0151), (-0.17261085, 0.37081194, 0.0151), (-0.15345953, 0.3765055, 0.0151), (-0.1543913, 0.34081116, 0.0151), (-0.17321949, 0.34749612, 0.0151), (-0.17415126, 0.3118018, 0.0151), (-0.15499994, 0.31749535, 0.0151), (-0.1559317, 0.281801, 0.0151), (-0.17475988, 0.28848594, 0.0151), (-0.17569165, 0.2527916, 0.0151), (-0.15654033, 0.25848517, 0.0151), (-0.1574721, 0.22279082, 0.0151), (-0.17630029, 0.22947578, 0.0151), (-0.17723204, 0.19378144, 0.0151), (-0.15808074, 0.19947499, 0.0151), (-0.1590125, 0.16378064, 0.0151), (-0.17784068, 0.17046562, 0.0151)]
            texCoord2f[] primvars:st = [(0.32144096, 0.36286518), (0.34227517, 0.3557223), (0.34271127, 0.39564243), (0.32144096, 0.36286518), (0.34271127, 0.39564243), (0.32172582, 0.38894132), (0.3221619, 0.42886147), (0.34299612, 0.42171857), (0.34343222, 0.4616387), (0.3221619, 0.42886147), (0.34343222, 0.4616387), (0.32244676, 0.4549376), (0.32288286, 0.49485773), (0.34371707, 0.48771483), (0.34415317, 0.527635), (0.32288286, 0.49485773), (0.34415317, 0.527635), (0.3231677, 0.52093387), (0.32360378, 0.560854), (0.34443802, 0.5537111), (0.34487408, 0.59363127), (0.32360378, 0.560854), (0.34487408, 0.59363127), (0.32388863, 0.58693016), (0.32432473, 0.62685025), (0.34515893, 0.6197074), (0.34559503, 0.6596275), (0.32432473, 0.62685025), (0.34559503, 0.6596275), (0.32460958, 0.6529264), (0.32460958, 0.6529264), (0.3351889, 0.66249454), (0.3157412, 0.66266584), (0.32432473, 0.62685025), (0.32460958, 0.6529264), (0.3157412, 0.66266584), (0.32388863, 0.58693016), (0.32432473, 0.62685025), (0.3157412, 0.66266584), (0.32360378, 0.560854), (0.32388863, 0.58693016), (0.3157412, 0.66266584), (0.3231677, 0.52093387), (0.32360378, 0.560854), (0.3157412, 0.66266584), (0.32288286, 0.49485773), (0.3231677, 0.52093387), (0.3157412, 0.66266584), (0.32244676, 0.4549376), (0.32288286, 0.49485773), (0.3157412, 0.66266584), (0.3221619, 0.42886147), (0.32244676, 0.4549376), (0.3157412, 0.66266584), (0.32172582, 0.38894132), (0.3221619, 0.42886147), (0.3157412, 0.66266584), (0.32144096, 0.36286518), (0.32172582, 0.38894132), (0.3157412, 0.66266584), (0.32122293, 0.34290513), (0.32144096, 0.36286518), (0.3157412, 0.66266584), (0.3157412, 0.66266584), (0.32267284, 0.6831694), (0.2837775, 0.6835121), (0.3157412, 0.66266584), (0.2837775, 0.6835121), (0.29033446, 0.66288966), (0.32122293, 0.34290513), (0.3157412, 0.66266584), (0.29033446, 0.66288966), (0.25143912, 0.6632323), (0.25837076, 0.6837359), (0.21947542, 0.6840786), (0.25143912, 0.6632323), (0.21947542, 0.6840786), (0.2260324, 0.66345614), (0.18713707, 0.6637988), (0.19406869, 0.6843024), (0.15517335, 0.684645), (0.18713707, 0.6637988), (0.15517335, 0.684645), (0.16173032, 0.6640226), (0.12283498, 0.66436523), (0.1297666, 0.6848689), (0.09087126, 0.6852115), (0.12283498, 0.66436523), (0.09087126, 0.6852115), (0.09742825, 0.66458905), (0.058532905, 0.6649317), (0.06546453, 0.6854353), (0.026569186, 0.68577796), (0.058532905, 0.6649317), (0.026569186, 0.68577796), (0.033126168, 0.66515553), (0.0033189135, 0.6758229), (0.0029023674, 0.6561958), (0.023953311, 0.6625733), (0.033126168, 0.66515553), (0.0033189135, 0.6758229), (0.023953311, 0.6625733), (0.058532905, 0.6649317), (0.033126168, 0.66515553), (0.023953311, 0.6625733), (0.09742825, 0.66458905), (0.058532905, 0.6649317), (0.023953311, 0.6625733), (0.12283498, 0.66436523), (0.09742825, 0.66458905), (0.023953311, 0.6625733), (0.16173032, 0.6640226), (0.12283498, 0.66436523), (0.023953311, 0.6625733), (0.18713707, 0.6637988), (0.16173032, 0.6640226), (0.023953311, 0.6625733), (0.2260324, 0.66345614), (0.18713707, 0.6637988), (0.023953311, 0.6625733), (0.25143912, 0.6632323), (0.2260324, 0.66345614), (0.023953311, 0.6625733), (0.29033446, 0.66288966), (0.25143912, 0.6632323), (0.023953311, 0.6625733), (0.29033446, 0.66288966), (0.023953311, 0.6625733), (0.023120219, 0.62331915), (0.023120219, 0.62331915), (0.0023581851, 0.63055474), (0.001525093, 0.5913006), (0.023120219, 0.62331915), (0.001525093, 0.5913006), (0.022576036, 0.59767807), (0.29033446, 0.66288966), (0.023120219, 0.62331915), (0.022576036, 0.59767807), (0.29033446, 0.66288966), (0.022576036, 0.59767807), (0.021742944, 0.55842394), (0.021742944, 0.55842394), (0.0009809106, 0.5656595), (0.00014781844, 0.5264054), (0.29033446, 0.66288966), (0.021742944, 0.55842394), (0.00014781844, 0.5264054), (0.29033446, 0.66288966), (0.00014781844, 0.5264054), (0.02119876, 0.53278285), (0.29033446, 0.66288966), (0.02119876, 0.53278285), (0.020365668, 0.4935287), (0.020365668, 0.4935287), (-0.00039636387, 0.5007643), (-0.001229456, 0.46151018), (0.29033446, 0.66288966), (0.020365668, 0.4935287), (-0.001229456, 0.46151018), (0.29033446, 0.66288966), (-0.001229456, 0.46151018), (0.019821487, 0.4678876), (0.29033446, 0.66288966), (0.019821487, 0.4678876), (0.018988395, 0.42863348), (0.018988395, 0.42863348), (-0.0017736384, 0.4358691), (-0.0026067307, 0.39661497), (0.29033446, 0.66288966), (0.018988395, 0.42863348), (-0.0026067307, 0.39661497), (0.29033446, 0.66288966), (-0.0026067307, 0.39661497), (0.018444212, 0.4029924), (0.29033446, 0.66288966), (0.018444212, 0.4029924), (0.01761112, 0.36373827), (0.01761112, 0.36373827), (-0.003150913, 0.37097386), (0.0066129477, 0.34085384), (0.01761112, 0.36373827), (0.0066129477, 0.34085384), (0.02625912, 0.34034953), (0.01761112, 0.36373827), (0.02625912, 0.34034953), (0.019991655, 0.36108124), (0.29033446, 0.66288966), (0.01761112, 0.36373827), (0.019991655, 0.36108124), (0.29033446, 0.66288966), (0.019991655, 0.36108124), (0.059284, 0.36007258), (0.29033446, 0.66288966), (0.059284, 0.36007258), (0.051925186, 0.33969066), (0.051925186, 0.33969066), (0.09121753, 0.338682), (0.08495007, 0.35941374), (0.29033446, 0.66288966), (0.051925186, 0.33969066), (0.08495007, 0.35941374), (0.29033446, 0.66288966), (0.08495007, 0.35941374), (0.12424241, 0.35840508), (0.29033446, 0.66288966), (0.12424241, 0.35840508), (0.1168836, 0.33802313), (0.1168836, 0.33802313), (0.15617594, 0.3370145), (0.14990848, 0.3577462), (0.29033446, 0.66288966), (0.1168836, 0.33802313), (0.14990848, 0.3577462), (0.29033446, 0.66288966), (0.14990848, 0.3577462), (0.18920082, 0.35673755), (0.18920082, 0.35673755), (0.18184201, 0.33635563), (0.22113435, 0.33534697), (0.18920082, 0.35673755), (0.22113435, 0.33534697), (0.21486689, 0.35607868), (0.29033446, 0.66288966), (0.18920082, 0.35673755), (0.21486689, 0.35607868), (0.29033446, 0.66288966), (0.21486689, 0.35607868), (0.25415924, 0.35507005), (0.25415924, 0.35507005), (0.24680042, 0.3346881), (0.28609276, 0.33367944), (0.25415924, 0.35507005), (0.28609276, 0.33367944), (0.2798253, 0.35441118), (0.29033446, 0.66288966), (0.25415924, 0.35507005), (0.2798253, 0.35441118), (0.29033446, 0.66288966), (0.2798253, 0.35441118), (0.31911764, 0.35340253), (0.32122293, 0.34290513), (0.29033446, 0.66288966), (0.31911764, 0.35340253), (0.32122293, 0.34290513), (0.31911764, 0.35340253), (0.31175882, 0.3330206), (0.32122293, 0.34290513), (0.32144096, 0.36286518), (0.32144096, 0.36286518), (0.32122293, 0.34290513), (0.32144096, 0.36286518), (0.34227517, 0.3557223), (0.34227517, 0.3557223), (0.32144096, 0.36286518), (0.34227517, 0.3557223), (0.34271127, 0.39564243), (0.34271127, 0.39564243), (0.34227517, 0.3557223), (0.34271127, 0.39564243), (0.32172582, 0.38894132), (0.32172582, 0.38894132), (0.34271127, 0.39564243), (0.32172582, 0.38894132), (0.3221619, 0.42886147), (0.3221619, 0.42886147), (0.32172582, 0.38894132), (0.3221619, 0.42886147), (0.34299612, 0.42171857), (0.34299612, 0.42171857), (0.3221619, 0.42886147), (0.34299612, 0.42171857), (0.34343222, 0.4616387), (0.34343222, 0.4616387), (0.34299612, 0.42171857), (0.34343222, 0.4616387), (0.32244676, 0.4549376), (0.32244676, 0.4549376), (0.34343222, 0.4616387), (0.32244676, 0.4549376), (0.32288286, 0.49485773), (0.32288286, 0.49485773), (0.32244676, 0.4549376), (0.32288286, 0.49485773), (0.34371707, 0.48771483), (0.34371707, 0.48771483), (0.32288286, 0.49485773), (0.34371707, 0.48771483), (0.34415317, 0.527635), (0.34415317, 0.527635), (0.34371707, 0.48771483), (0.34415317, 0.527635), (0.3231677, 0.52093387), (0.3231677, 0.52093387), (0.34415317, 0.527635), (0.3231677, 0.52093387), (0.32360378, 0.560854), (0.32360378, 0.560854), (0.3231677, 0.52093387), (0.32360378, 0.560854), (0.34443802, 0.5537111), (0.34443802, 0.5537111), (0.32360378, 0.560854), (0.34443802, 0.5537111), (0.34487408, 0.59363127), (0.34487408, 0.59363127), (0.34443802, 0.5537111), (0.34487408, 0.59363127), (0.32388863, 0.58693016), (0.32388863, 0.58693016), (0.34487408, 0.59363127), (0.32388863, 0.58693016), (0.32432473, 0.62685025), (0.32432473, 0.62685025), (0.32388863, 0.58693016), (0.32432473, 0.62685025), (0.34515893, 0.6197074), (0.34515893, 0.6197074), (0.32432473, 0.62685025), (0.34515893, 0.6197074), (0.34559503, 0.6596275), (0.34559503, 0.6596275), (0.34515893, 0.6197074), (0.34559503, 0.6596275), (0.32460958, 0.6529264), (0.32460958, 0.6529264), (0.34559503, 0.6596275), (0.32460958, 0.6529264), (0.3351889, 0.66249454), (0.3351889, 0.66249454), (0.32460958, 0.6529264), (0.3351889, 0.66249454), (0.3157412, 0.66266584), (0.3157412, 0.66266584), (0.3351889, 0.66249454), (0.3157412, 0.66266584), (0.32267284, 0.6831694), (0.32267284, 0.6831694), (0.3157412, 0.66266584), (0.32267284, 0.6831694), (0.2837775, 0.6835121), (0.2837775, 0.6835121), (0.32267284, 0.6831694), (0.2837775, 0.6835121), (0.29033446, 0.66288966), (0.29033446, 0.66288966), (0.2837775, 0.6835121), (0.29033446, 0.66288966), (0.25143912, 0.6632323), (0.25143912, 0.6632323), (0.29033446, 0.66288966), (0.25143912, 0.6632323), (0.25837076, 0.6837359), (0.25837076, 0.6837359), (0.25143912, 0.6632323), (0.25837076, 0.6837359), (0.21947542, 0.6840786), (0.21947542, 0.6840786), (0.25837076, 0.6837359), (0.21947542, 0.6840786), (0.2260324, 0.66345614), (0.2260324, 0.66345614), (0.21947542, 0.6840786), (0.2260324, 0.66345614), (0.18713707, 0.6637988), (0.18713707, 0.6637988), (0.2260324, 0.66345614), (0.18713707, 0.6637988), (0.19406869, 0.6843024), (0.19406869, 0.6843024), (0.18713707, 0.6637988), (0.19406869, 0.6843024), (0.15517335, 0.684645), (0.15517335, 0.684645), (0.19406869, 0.6843024), (0.15517335, 0.684645), (0.16173032, 0.6640226), (0.16173032, 0.6640226), (0.15517335, 0.684645), (0.16173032, 0.6640226), (0.12283498, 0.66436523), (0.12283498, 0.66436523), (0.16173032, 0.6640226), (0.12283498, 0.66436523), (0.1297666, 0.6848689), (0.1297666, 0.6848689), (0.12283498, 0.66436523), (0.1297666, 0.6848689), (0.09087126, 0.6852115), (0.09087126, 0.6852115), (0.1297666, 0.6848689), (0.09087126, 0.6852115), (0.09742825, 0.66458905), (0.09742825, 0.66458905), (0.09087126, 0.6852115), (0.09742825, 0.66458905), (0.058532905, 0.6649317), (0.058532905, 0.6649317), (0.09742825, 0.66458905), (0.058532905, 0.6649317), (0.06546453, 0.6854353), (0.06546453, 0.6854353), (0.058532905, 0.6649317), (0.06546453, 0.6854353), (0.026569186, 0.68577796), (0.026569186, 0.68577796), (0.06546453, 0.6854353), (0.026569186, 0.68577796), (0.033126168, 0.66515553), (0.033126168, 0.66515553), (0.026569186, 0.68577796), (0.033126168, 0.66515553), (0.0033189135, 0.6758229), (0.0033189135, 0.6758229), (0.033126168, 0.66515553), (0.0033189135, 0.6758229), (0.0029023674, 0.6561958), (0.0029023674, 0.6561958), (0.0033189135, 0.6758229), (0.0029023674, 0.6561958), (0.023953311, 0.6625733), (0.023953311, 0.6625733), (0.0029023674, 0.6561958), (0.023953311, 0.6625733), (0.023120219, 0.62331915), (0.023120219, 0.62331915), (0.023953311, 0.6625733), (0.023120219, 0.62331915), (0.0023581851, 0.63055474), (0.0023581851, 0.63055474), (0.023120219, 0.62331915), (0.0023581851, 0.63055474), (0.001525093, 0.5913006), (0.001525093, 0.5913006), (0.0023581851, 0.63055474), (0.001525093, 0.5913006), (0.022576036, 0.59767807), (0.022576036, 0.59767807), (0.001525093, 0.5913006), (0.022576036, 0.59767807), (0.021742944, 0.55842394), (0.021742944, 0.55842394), (0.022576036, 0.59767807), (0.021742944, 0.55842394), (0.0009809106, 0.5656595), (0.0009809106, 0.5656595), (0.021742944, 0.55842394), (0.0009809106, 0.5656595), (0.00014781844, 0.5264054), (0.00014781844, 0.5264054), (0.0009809106, 0.5656595), (0.00014781844, 0.5264054), (0.02119876, 0.53278285), (0.02119876, 0.53278285), (0.00014781844, 0.5264054), (0.02119876, 0.53278285), (0.020365668, 0.4935287), (0.020365668, 0.4935287), (0.02119876, 0.53278285), (0.020365668, 0.4935287), (-0.00039636387, 0.5007643), (-0.00039636387, 0.5007643), (0.020365668, 0.4935287), (-0.00039636387, 0.5007643), (-0.001229456, 0.46151018), (-0.001229456, 0.46151018), (-0.00039636387, 0.5007643), (-0.001229456, 0.46151018), (0.019821487, 0.4678876), (0.019821487, 0.4678876), (-0.001229456, 0.46151018), (0.019821487, 0.4678876), (0.018988395, 0.42863348), (0.018988395, 0.42863348), (0.019821487, 0.4678876), (0.018988395, 0.42863348), (-0.0017736384, 0.4358691), (-0.0017736384, 0.4358691), (0.018988395, 0.42863348), (-0.0017736384, 0.4358691), (-0.0026067307, 0.39661497), (-0.0026067307, 0.39661497), (-0.0017736384, 0.4358691), (-0.0026067307, 0.39661497), (0.018444212, 0.4029924), (0.018444212, 0.4029924), (-0.0026067307, 0.39661497), (0.018444212, 0.4029924), (0.01761112, 0.36373827), (0.01761112, 0.36373827), (0.018444212, 0.4029924), (0.01761112, 0.36373827), (-0.003150913, 0.37097386), (-0.003150913, 0.37097386), (0.01761112, 0.36373827), (-0.003150913, 0.37097386), (0.0066129477, 0.34085384), (0.0066129477, 0.34085384), (-0.003150913, 0.37097386), (0.0066129477, 0.34085384), (0.02625912, 0.34034953), (0.02625912, 0.34034953), (0.0066129477, 0.34085384), (0.02625912, 0.34034953), (0.019991655, 0.36108124), (0.019991655, 0.36108124), (0.02625912, 0.34034953), (0.019991655, 0.36108124), (0.059284, 0.36007258), (0.059284, 0.36007258), (0.019991655, 0.36108124), (0.059284, 0.36007258), (0.051925186, 0.33969066), (0.051925186, 0.33969066), (0.059284, 0.36007258), (0.051925186, 0.33969066), (0.09121753, 0.338682), (0.09121753, 0.338682), (0.051925186, 0.33969066), (0.09121753, 0.338682), (0.08495007, 0.35941374), (0.08495007, 0.35941374), (0.09121753, 0.338682), (0.08495007, 0.35941374), (0.12424241, 0.35840508), (0.12424241, 0.35840508), (0.08495007, 0.35941374), (0.12424241, 0.35840508), (0.1168836, 0.33802313), (0.1168836, 0.33802313), (0.12424241, 0.35840508), (0.1168836, 0.33802313), (0.15617594, 0.3370145), (0.15617594, 0.3370145), (0.1168836, 0.33802313), (0.15617594, 0.3370145), (0.14990848, 0.3577462), (0.14990848, 0.3577462), (0.15617594, 0.3370145), (0.14990848, 0.3577462), (0.18920082, 0.35673755), (0.18920082, 0.35673755), (0.14990848, 0.3577462), (0.18920082, 0.35673755), (0.18184201, 0.33635563), (0.18184201, 0.33635563), (0.18920082, 0.35673755), (0.18184201, 0.33635563), (0.22113435, 0.33534697), (0.22113435, 0.33534697), (0.18184201, 0.33635563), (0.22113435, 0.33534697), (0.21486689, 0.35607868), (0.21486689, 0.35607868), (0.22113435, 0.33534697), (0.21486689, 0.35607868), (0.25415924, 0.35507005), (0.25415924, 0.35507005), (0.21486689, 0.35607868), (0.25415924, 0.35507005), (0.24680042, 0.3346881), (0.24680042, 0.3346881), (0.25415924, 0.35507005), (0.24680042, 0.3346881), (0.28609276, 0.33367944), (0.28609276, 0.33367944), (0.24680042, 0.3346881), (0.28609276, 0.33367944), (0.2798253, 0.35441118), (0.2798253, 0.35441118), (0.28609276, 0.33367944), (0.2798253, 0.35441118), (0.31911764, 0.35340253), (0.31911764, 0.35340253), (0.2798253, 0.35441118), (0.31911764, 0.35340253), (0.31175882, 0.3330206), (0.31175882, 0.3330206), (0.31911764, 0.35340253), (0.31175882, 0.3330206), (0.32122293, 0.34290513), (0.32122293, 0.34290513), (0.31175882, 0.3330206)] (
                interpolation = "faceVarying"
            )
            uniform token subdivisionScheme = "none"
        }

        def Mesh "foam_tile_2_0" (
            prepend apiSchemas = ["MaterialBindingAPI"]
        )
        {
            int[] faceVertexCounts = [3, 3, 3, 3, 3, 3, 3, 3, 3, 3, 3, 3, 3, 3, 3, 3, 3, 3, 3, 3, 3, 3, 3, 3, 3, 3, 3, 3, 3, 3, 3, 3, 3, 3, 3, 3, 3, 3, 3, 3, 3, 3, 3, 3, 3, 3, 3, 3, 3, 3, 3, 3, 3, 3, 3, 3, 3, 3, 3, 3, 3, 3, 3, 3, 3, 3, 3, 3, 3, 3, 3, 3, 3, 3, 3, 3, 3, 3, 3, 3, 3, 3, 4, 4, 4, 4, 4, 4, 4, 4, 4, 4, 4, 4, 4, 4, 4, 4, 4, 4, 4, 4, 4, 4, 4, 4, 4, 4, 4, 4, 4, 4, 4, 4, 4, 4, 4, 4, 4, 4, 4, 4, 4, 4, 4, 4, 4, 4, 4, 4, 4, 4, 4, 4, 4, 4, 4, 4, 4, 4, 4, 4, 4, 4, 4, 4, 4, 4, 4, 4, 4, 4, 4, 4, 4, 4, 4, 4, 4, 4, 4, 4, 4, 4, 4, 4]
            int[] faceVertexIndices = [1, 2, 3, 1, 3, 4, 5, 6, 7, 5, 7, 8, 9, 10, 11, 9, 11, 12, 13, 14, 15, 13, 15, 16, 17, 18, 19, 17, 19, 20, 20, 21, 22, 17, 20, 22, 16, 17, 22, 13, 16, 22, 12, 13, 22, 9, 12, 22, 8, 9, 22, 5, 8, 22, 4, 5, 22, 1, 4, 22, 0, 1, 22, 22, 23, 24, 22, 24, 25, 0, 22, 25, 0, 25, 26, 26, 27, 28, 26, 28, 29, 30, 31, 32, 30, 32, 33, 34, 35, 36, 34, 36, 37, 38, 39, 40, 38, 40, 41, 42, 43, 44, 41, 42, 44, 38, 41, 44, 37, 38, 44, 34, 37, 44, 33, 34, 44, 30, 33, 44, 29, 30, 44, 26, 29, 44, 26, 44, 45, 45, 46, 47, 45, 47, 48, 26, 45, 48, 26, 48, 49, 49, 50, 51, 26, 49, 51, 26, 51, 52, 26, 52, 53, 53, 54, 55, 26, 53, 55, 26, 55, 56, 26, 56, 57, 57, 58, 59, 26, 57, 59, 26, 59, 60, 26, 60, 61, 61, 62, 63, 61, 63, 64, 61, 64, 65, 26, 61, 65, 26, 65, 66, 26, 66, 67, 67, 68, 69, 26, 67, 69, 26, 69, 70, 26, 70, 71, 71, 72, 73, 26, 71, 73, 26, 73, 74, 74, 75, 76, 74, 76, 77, 26, 74, 77, 26, 77, 78, 78, 79, 80, 78, 80, 81, 26, 78, 81, 26, 81, 82, 0, 26, 82, 0, 82, 83, 0, 1, 85, 84, 1, 2, 86, 85, 2, 3, 87, 86, 3, 4, 88, 87, 4, 5, 89, 88, 5, 6, 90, 89, 6, 7, 91, 90, 7, 8, 92, 91, 8, 9, 93, 92, 9, 10, 94, 93, 10, 11, 95, 94, 11, 12, 96, 95, 12, 13, 97, 96, 13, 14, 98, 97, 14, 15, 99, 98, 15, 16, 100, 99, 16, 17, 101, 100, 17, 18, 102, 101, 18, 19, 103, 102, 19, 20, 104, 103, 20, 21, 105, 104, 21, 22, 106, 105, 22, 23, 107, 106, 23, 24, 108, 107, 24, 25, 109, 108, 25, 26, 110, 109, 26, 27, 111, 110, 27, 28, 112, 111, 28, 29, 113, 112, 29, 30, 114, 113, 30, 31, 115, 114, 31, 32, 116, 115, 32, 33, 117, 116, 33, 34, 118, 117, 34, 35, 119, 118, 35, 36, 120, 119, 36, 37, 121, 120, 37, 38, 122, 121, 38, 39, 123, 122, 39, 40, 124, 123, 40, 41, 125, 124, 41, 42, 126, 125, 42, 43, 127, 126, 43, 44, 128, 127, 44, 45, 129, 128, 45, 46, 130, 129, 46, 47, 131, 130, 47, 48, 132, 131, 48, 49, 133, 132, 49, 50, 134, 133, 50, 51, 135, 134, 51, 52, 136, 135, 52, 53, 137, 136, 53, 54, 138, 137, 54, 55, 139, 138, 55, 56, 140, 139, 56, 57, 141, 140, 57, 58, 142, 141, 58, 59, 143, 142, 59, 60, 144, 143, 60, 61, 145, 144, 61, 62, 146, 145, 62, 63, 147, 146, 63, 64, 148, 147, 64, 65, 149, 148, 65, 66, 150, 149, 66, 67, 151, 150, 67, 68, 152, 151, 68, 69, 153, 152, 69, 70, 154, 153, 70, 71, 155, 154, 71, 72, 156, 155, 72, 73, 157, 156, 73, 74, 158, 157, 74, 75, 159, 158, 75, 76, 160, 159, 76, 77, 161, 160, 77, 78, 162, 161, 78, 79, 163, 162, 79, 80, 164, 163, 80, 81, 165, 164, 81, 82, 166, 165, 82, 83, 167, 166, 83, 0, 84, 167]
            rel material:binding = </world/table/surface_texture_mat_2_0>
            point3f[] points = [(0.12173458, -0.43775514, 0.0471), (0.13998759, -0.438209, 0.0471), (0.13318542, -0.45704195, 0.0471), (0.16969143, -0.45794964, 0.0471), (0.1638336, -0.4388019, 0.0471), (0.20033963, -0.4397096, 0.0471), (0.19353744, -0.45854256, 0.0471), (0.23004346, -0.45945024, 0.0471), (0.22418563, -0.4403025, 0.0471), (0.26069164, -0.44121018, 0.0471), (0.25388947, -0.46004316, 0.0471), (0.2903955, -0.46095085, 0.0471), (0.28453767, -0.4418031, 0.0471), (0.32104367, -0.4427108, 0.0471), (0.3142415, -0.46154374, 0.0471), (0.35074753, -0.46245143, 0.0471), (0.3448897, -0.4433037, 0.0471), (0.38139573, -0.4442114, 0.0471), (0.37459353, -0.46304435, 0.0471), (0.41109955, -0.46395203, 0.0471), (0.40524173, -0.4448043, 0.0471), (0.41376275, -0.4545478, 0.0471), (0.41415507, -0.43642268, 0.0471), (0.4330108, -0.44311938, 0.0471), (0.4337954, -0.40686917, 0.0471), (0.41466758, -0.41274378, 0.0471), (0.41545218, -0.37649357, 0.0471), (0.4343079, -0.38319027, 0.0471), (0.4350925, -0.34694007, 0.0471), (0.4159647, -0.35281464, 0.0471), (0.41674927, -0.31656444, 0.0471), (0.43560502, -0.32326114, 0.0471), (0.4363896, -0.28701094, 0.0471), (0.41726178, -0.29288554, 0.0471), (0.41804639, -0.25663534, 0.0471), (0.4369021, -0.26333204, 0.0471), (0.4376867, -0.22708182, 0.0471), (0.4185589, -0.23295641, 0.0471), (0.4193435, -0.1967062, 0.0471), (0.43819922, -0.2034029, 0.0471), (0.43898383, -0.1671527, 0.0471), (0.419856, -0.17302729, 0.0471), (0.4299799, -0.14561254, 0.0471), (0.41174686, -0.14515993, 0.0471), (0.41759855, -0.16430725, 0.0471), (0.38113248, -0.16340205, 0.0471), (0.38792694, -0.14456864, 0.0471), (0.35146087, -0.14366344, 0.0471), (0.35731256, -0.16281076, 0.0471), (0.3208465, -0.16190556, 0.0471), (0.32764095, -0.14307216, 0.0471), (0.2911749, -0.14216694, 0.0471), (0.29702657, -0.16131428, 0.0471), (0.2605605, -0.16040906, 0.0471), (0.26735497, -0.14157566, 0.0471), (0.23088892, -0.14067045, 0.0471), (0.23674059, -0.15981779, 0.0471), (0.20027453, -0.15891257, 0.0471), (0.207069, -0.14007917, 0.0471), (0.17060293, -0.13917397, 0.0471), (0.1764546, -0.15832129, 0.0471), (0.13998854, -0.15741609, 0.0471), (0.14678301, -0.13858268, 0.0471), (0.118818626, -0.14740925, 0.0471), (0.11840635, -0.16553311, 0.0471), (0.13754062, -0.1596799, 0.0471), (0.13671608, -0.19592763, 0.0471), (0.117867745, -0.1892104, 0.0471), (0.1170432, -0.22545813, 0.0471), (0.13617748, -0.21960492, 0.0471), (0.13535292, -0.25585264, 0.0471), (0.11650459, -0.24913542, 0.0471), (0.11568004, -0.28538314, 0.0471), (0.13481432, -0.27952993, 0.0471), (0.13398977, -0.31577766, 0.0471), (0.11514144, -0.30906042, 0.0471), (0.11431688, -0.34530815, 0.0471), (0.13345116, -0.33945495, 0.0471), (0.13262661, -0.37570268, 0.0471), (0.11377828, -0.36898544, 0.0471), (0.11295372, -0.40523317, 0.0471), (0.132088, -0.39937997, 0.0471), (0.13126345, -0.4356277, 0.0471), (0.11241512, -0.42891046, 0.0471), (0.12173458, -0.43775514, 0.0151), (0.13998759, -0.438209, 0.0151), (0.13318542, -0.45704195, 0.0151), (0.16969143, -0.45794964, 0.0151), (0.1638336, -0.4388019, 0.0151), (0.20033963, -0.4397096, 0.0151), (0.19353744, -0.45854256, 0.0151), (0.23004346, -0.45945024, 0.0151), (0.22418563, -0.4403025, 0.0151), (0.26069164, -0.44121018, 0.0151), (0.25388947, -0.46004316, 0.0151), (0.2903955, -0.46095085, 0.0151), (0.28453767, -0.4418031, 0.0151), (0.32104367, -0.4427108, 0.0151), (0.3142415, -0.46154374, 0.0151), (0.35074753, -0.46245143, 0.0151), (0.3448897, -0.4433037, 0.0151), (0.38139573, -0.4442114, 0.0151), (0.37459353, -0.46304435, 0.0151), (0.41109955, -0.46395203, 0.0151), (0.40524173, -0.4448043, 0.0151), (0.41376275, -0.4545478, 0.0151), (0.41415507, -0.43642268, 0.0151), (0.4330108, -0.44311938, 0.0151), (0.4337954, -0.40686917, 0.0151), (0.41466758, -0.41274378, 0.0151), (0.41545218, -0.37649357, 0.0151), (0.4343079, -0.38319027, 0.0151), (0.4350925, -0.34694007, 0.0151), (0.4159647, -0.35281464, 0.0151), (0.41674927, -0.31656444, 0.0151), (0.43560502, -0.32326114, 0.0151), (0.4363896, -0.28701094, 0.0151), (0.41726178, -0.29288554, 0.0151), (0.41804639, -0.25663534, 0.0151), (0.4369021, -0.26333204, 0.0151), (0.4376867, -0.22708182, 0.0151), (0.4185589, -0.23295641, 0.0151), (0.4193435, -0.1967062, 0.0151), (0.43819922, -0.2034029, 0.0151), (0.43898383, -0.1671527, 0.0151), (0.419856, -0.17302729, 0.0151), (0.4299799, -0.14561254, 0.0151), (0.41174686, -0.14515993, 0.0151), (0.41759855, -0.16430725, 0.0151), (0.38113248, -0.16340205, 0.0151), (0.38792694, -0.14456864, 0.0151), (0.35146087, -0.14366344, 0.0151), (0.35731256, -0.16281076, 0.0151), (0.3208465, -0.16190556, 0.0151), (0.32764095, -0.14307216, 0.0151), (0.2911749, -0.14216694, 0.0151), (0.29702657, -0.16131428, 0.0151), (0.2605605, -0.16040906, 0.0151), (0.26735497, -0.14157566, 0.0151), (0.23088892, -0.14067045, 0.0151), (0.23674059, -0.15981779, 0.0151), (0.20027453, -0.15891257, 0.0151), (0.207069, -0.14007917, 0.0151), (0.17060293, -0.13917397, 0.0151), (0.1764546, -0.15832129, 0.0151), (0.13998854, -0.15741609, 0.0151), (0.14678301, -0.13858268, 0.0151), (0.118818626, -0.14740925, 0.0151), (0.11840635, -0.16553311, 0.0151), (0.13754062, -0.1596799, 0.0151), (0.13671608, -0.19592763, 0.0151), (0.117867745, -0.1892104, 0.0151), (0.1170432, -0.22545813, 0.0151), (0.13617748, -0.21960492, 0.0151), (0.13535292, -0.25585264, 0.0151), (0.11650459, -0.24913542, 0.0151), (0.11568004, -0.28538314, 0.0151), (0.13481432, -0.27952993, 0.0151), (0.13398977, -0.31577766, 0.0151), (0.11514144, -0.30906042, 0.0151), (0.11431688, -0.34530815, 0.0151), (0.13345116, -0.33945495, 0.0151), (0.13262661, -0.37570268, 0.0151), (0.11377828, -0.36898544, 0.0151), (0.11295372, -0.40523317, 0.0151), (0.132088, -0.39937997, 0.0151), (0.13126345, -0.4356277, 0.0151), (0.11241512, -0.42891046, 0.0151)]
            texCoord2f[] primvars:st = [(0.981788, 0.67707694), (1.0025194, 0.66971344), (1.0035185, 0.70923203), (0.981788, 0.67707694), (1.0035185, 0.70923203), (0.9824407, 0.7028908), (0.98343986, 0.7424094), (1.0041711, 0.7350459), (1.0051703, 0.7745645), (0.98343986, 0.7424094), (1.0051703, 0.7745645), (0.98409253, 0.7682232), (0.98509175, 0.8077418), (1.005823, 0.8003783), (1.0068222, 0.8398969), (0.98509175, 0.8077418), (1.0068222, 0.8398969), (0.9857444, 0.8335557), (0.98674357, 0.8730743), (1.0074749, 0.8657108), (1.0084741, 0.9052294), (0.98674357, 0.8730743), (1.0084741, 0.9052294), (0.98739624, 0.8988882), (0.98839545, 0.93840677), (1.0091268, 0.9310432), (1.010126, 0.9705618), (0.98839545, 0.93840677), (1.010126, 0.9705618), (0.9890481, 0.9642206), (0.9890481, 0.9642206), (0.99977374, 0.9734448), (0.9798216, 0.9738695), (0.98839545, 0.93840677), (0.9890481, 0.9642206), (0.9798216, 0.9738695), (0.98739624, 0.8988882), (0.98839545, 0.93840677), (0.9798216, 0.9738695), (0.98674357, 0.8730743), (0.98739624, 0.8988882), (0.9798216, 0.9738695), (0.9857444, 0.8335557), (0.98674357, 0.8730743), (0.9798216, 0.9738695), (0.98509175, 0.8077418), (0.9857444, 0.8335557), (0.9798216, 0.9738695), (0.98409253, 0.7682232), (0.98509175, 0.8077418), (0.9798216, 0.9738695), (0.98343986, 0.7424094), (0.98409253, 0.7682232), (0.9798216, 0.9738695), (0.9824407, 0.7028908), (0.98343986, 0.7424094), (0.9798216, 0.9738695), (0.981788, 0.67707694), (0.9824407, 0.7028908), (0.9798216, 0.9738695), (0.98128843, 0.65731764), (0.981788, 0.67707694), (0.9798216, 0.9738695), (0.9798216, 0.9738695), (0.98719335, 0.99428123), (0.9472891, 0.9951306), (0.9798216, 0.9738695), (0.9472891, 0.9951306), (0.95375586, 0.9744243), (0.98128843, 0.65731764), (0.9798216, 0.9738695), (0.95375586, 0.9744243), (0.98128843, 0.65731764), (0.95375586, 0.9744243), (0.9138516, 0.97527367), (0.9138516, 0.97527367), (0.9212234, 0.9956854), (0.88131917, 0.99653476), (0.9138516, 0.97527367), (0.88131917, 0.99653476), (0.8877859, 0.97582847), (0.8478817, 0.9766778), (0.8552534, 0.99708956), (0.81534916, 0.9979389), (0.8478817, 0.9766778), (0.81534916, 0.9979389), (0.8218159, 0.9772326), (0.7819117, 0.97808194), (0.7892834, 0.9984937), (0.74937916, 0.99934304), (0.7819117, 0.97808194), (0.74937916, 0.99934304), (0.7558459, 0.97863674), (0.71594167, 0.9794861), (0.7233134, 0.99989784), (0.68340915, 1.0007472), (0.71594167, 0.9794861), (0.68340915, 1.0007472), (0.6898759, 0.9800409), (0.6596978, 0.99100024), (0.65919954, 0.9712626), (0.6802769, 0.9775971), (0.6898759, 0.9800409), (0.6596978, 0.99100024), (0.6802769, 0.9775971), (0.71594167, 0.9794861), (0.6898759, 0.9800409), (0.6802769, 0.9775971), (0.7558459, 0.97863674), (0.71594167, 0.9794861), (0.6802769, 0.9775971), (0.7819117, 0.97808194), (0.7558459, 0.97863674), (0.6802769, 0.9775971), (0.8218159, 0.9772326), (0.7819117, 0.97808194), (0.6802769, 0.9775971), (0.8478817, 0.9766778), (0.8218159, 0.9772326), (0.6802769, 0.9775971), (0.8877859, 0.97582847), (0.8478817, 0.9766778), (0.6802769, 0.9775971), (0.9138516, 0.97527367), (0.8877859, 0.97582847), (0.6802769, 0.9775971), (0.9138516, 0.97527367), (0.6802769, 0.9775971), (0.67928046, 0.9381218), (0.67928046, 0.9381218), (0.65854865, 0.94547695), (0.6575522, 0.9060016), (0.67928046, 0.9381218), (0.6575522, 0.9060016), (0.6786296, 0.9123362), (0.9138516, 0.97527367), (0.67928046, 0.9381218), (0.6786296, 0.9123362), (0.9138516, 0.97527367), (0.6786296, 0.9123362), (0.6776331, 0.87286085), (0.6776331, 0.87286085), (0.6569013, 0.880216), (0.6559048, 0.8407407), (0.9138516, 0.97527367), (0.6776331, 0.87286085), (0.6559048, 0.8407407), (0.9138516, 0.97527367), (0.6559048, 0.8407407), (0.6769822, 0.8470752), (0.9138516, 0.97527367), (0.6769822, 0.8470752), (0.67598575, 0.8075999), (0.67598575, 0.8075999), (0.65525395, 0.81495506), (0.6542575, 0.7754797), (0.9138516, 0.97527367), (0.67598575, 0.8075999), (0.6542575, 0.7754797), (0.9138516, 0.97527367), (0.6542575, 0.7754797), (0.6753349, 0.7818143), (0.9138516, 0.97527367), (0.6753349, 0.7818143), (0.67433846, 0.7423389), (0.67433846, 0.7423389), (0.6536066, 0.7496941), (0.6526102, 0.7102187), (0.9138516, 0.97527367), (0.67433846, 0.7423389), (0.6526102, 0.7102187), (0.9138516, 0.97527367), (0.6526102, 0.7102187), (0.6736875, 0.71655333), (0.9138516, 0.97527367), (0.6736875, 0.71655333), (0.6726911, 0.67707795), (0.6726911, 0.67707795), (0.6519593, 0.68443316), (0.6616756, 0.65416104), (0.6726911, 0.67707795), (0.6616756, 0.65416104), (0.6816263, 0.6537148), (0.6726911, 0.67707795), (0.6816263, 0.6537148), (0.6751831, 0.67442805), (0.9138516, 0.97527367), (0.6726911, 0.67707795), (0.6751831, 0.67442805), (0.9138516, 0.97527367), (0.6751831, 0.67442805), (0.7150846, 0.67353547), (0.9138516, 0.97527367), (0.7150846, 0.67353547), (0.7076903, 0.6531317), (0.7076903, 0.6531317), (0.7475918, 0.65223914), (0.7411486, 0.6729524), (0.9138516, 0.97527367), (0.7076903, 0.6531317), (0.7411486, 0.6729524), (0.9138516, 0.97527367), (0.7411486, 0.6729524), (0.7810501, 0.67205983), (0.9138516, 0.97527367), (0.7810501, 0.67205983), (0.7736558, 0.6516561), (0.7736558, 0.6516561), (0.81355727, 0.65076345), (0.80711406, 0.6714768), (0.9138516, 0.97527367), (0.7736558, 0.6516561), (0.80711406, 0.6714768), (0.9138516, 0.97527367), (0.80711406, 0.6714768), (0.84701556, 0.67058414), (0.84701556, 0.67058414), (0.83962125, 0.6501804), (0.87952274, 0.6492878), (0.84701556, 0.67058414), (0.87952274, 0.6492878), (0.87307954, 0.6700011), (0.9138516, 0.97527367), (0.84701556, 0.67058414), (0.87307954, 0.6700011), (0.9138516, 0.97527367), (0.87307954, 0.6700011), (0.91298103, 0.6691085), (0.91298103, 0.6691085), (0.9055867, 0.64870477), (0.9454882, 0.6478122), (0.91298103, 0.6691085), (0.9454882, 0.6478122), (0.939045, 0.66852546), (0.9138516, 0.97527367), (0.91298103, 0.6691085), (0.939045, 0.66852546), (0.9138516, 0.97527367), (0.939045, 0.66852546), (0.9789465, 0.6676329), (0.98128843, 0.65731764), (0.9138516, 0.97527367), (0.9789465, 0.6676329), (0.98128843, 0.65731764), (0.9789465, 0.6676329), (0.9715522, 0.64722914), (0.98128843, 0.65731764), (0.981788, 0.67707694), (0.981788, 0.67707694), (0.98128843, 0.65731764), (0.981788, 0.67707694), (1.0025194, 0.66971344), (1.0025194, 0.66971344), (0.981788, 0.67707694), (1.0025194, 0.66971344), (1.0035185, 0.70923203), (1.0035185, 0.70923203), (1.0025194, 0.66971344), (1.0035185, 0.70923203), (0.9824407, 0.7028908), (0.9824407, 0.7028908), (1.0035185, 0.70923203), (0.9824407, 0.7028908), (0.98343986, 0.7424094), (0.98343986, 0.7424094), (0.9824407, 0.7028908), (0.98343986, 0.7424094), (1.0041711, 0.7350459), (1.0041711, 0.7350459), (0.98343986, 0.7424094), (1.0041711, 0.7350459), (1.0051703, 0.7745645), (1.0051703, 0.7745645), (1.0041711, 0.7350459), (1.0051703, 0.7745645), (0.98409253, 0.7682232), (0.98409253, 0.7682232), (1.0051703, 0.7745645), (0.98409253, 0.7682232), (0.98509175, 0.8077418), (0.98509175, 0.8077418), (0.98409253, 0.7682232), (0.98509175, 0.8077418), (1.005823, 0.8003783), (1.005823, 0.8003783), (0.98509175, 0.8077418), (1.005823, 0.8003783), (1.0068222, 0.8398969), (1.0068222, 0.8398969), (1.005823, 0.8003783), (1.0068222, 0.8398969), (0.9857444, 0.8335557), (0.9857444, 0.8335557), (1.0068222, 0.8398969), (0.9857444, 0.8335557), (0.98674357, 0.8730743), (0.98674357, 0.8730743), (0.9857444, 0.8335557), (0.98674357, 0.8730743), (1.0074749, 0.8657108), (1.0074749, 0.8657108), (0.98674357, 0.8730743), (1.0074749, 0.8657108), (1.0084741, 0.9052294), (1.0084741, 0.9052294), (1.0074749, 0.8657108), (1.0084741, 0.9052294), (0.98739624, 0.8988882), (0.98739624, 0.8988882), (1.0084741, 0.9052294), (0.98739624, 0.8988882), (0.98839545, 0.93840677), (0.98839545, 0.93840677), (0.98739624, 0.8988882), (0.98839545, 0.93840677), (1.0091268, 0.9310432), (1.0091268, 0.9310432), (0.98839545, 0.93840677), (1.0091268, 0.9310432), (1.010126, 0.9705618), (1.010126, 0.9705618), (1.0091268, 0.9310432), (1.010126, 0.9705618), (0.9890481, 0.9642206), (0.9890481, 0.9642206), (1.010126, 0.9705618), (0.9890481, 0.9642206), (0.99977374, 0.9734448), (0.99977374, 0.9734448), (0.9890481, 0.9642206), (0.99977374, 0.9734448), (0.9798216, 0.9738695), (0.9798216, 0.9738695), (0.99977374, 0.9734448), (0.9798216, 0.9738695), (0.98719335, 0.99428123), (0.98719335, 0.99428123), (0.9798216, 0.9738695), (0.98719335, 0.99428123), (0.9472891, 0.9951306), (0.9472891, 0.9951306), (0.98719335, 0.99428123), (0.9472891, 0.9951306), (0.95375586, 0.9744243), (0.95375586, 0.9744243), (0.9472891, 0.9951306), (0.95375586, 0.9744243), (0.9138516, 0.97527367), (0.9138516, 0.97527367), (0.95375586, 0.9744243), (0.9138516, 0.97527367), (0.9212234, 0.9956854), (0.9212234, 0.9956854), (0.9138516, 0.97527367), (0.9212234, 0.9956854), (0.88131917, 0.99653476), (0.88131917, 0.99653476), (0.9212234, 0.9956854), (0.88131917, 0.99653476), (0.8877859, 0.97582847), (0.8877859, 0.97582847), (0.88131917, 0.99653476), (0.8877859, 0.97582847), (0.8478817, 0.9766778), (0.8478817, 0.9766778), (0.8877859, 0.97582847), (0.8478817, 0.9766778), (0.8552534, 0.99708956), (0.8552534, 0.99708956), (0.8478817, 0.9766778), (0.8552534, 0.99708956), (0.81534916, 0.9979389), (0.81534916, 0.9979389), (0.8552534, 0.99708956), (0.81534916, 0.9979389), (0.8218159, 0.9772326), (0.8218159, 0.9772326), (0.81534916, 0.9979389), (0.8218159, 0.9772326), (0.7819117, 0.97808194), (0.7819117, 0.97808194), (0.8218159, 0.9772326), (0.7819117, 0.97808194), (0.7892834, 0.9984937), (0.7892834, 0.9984937), (0.7819117, 0.97808194), (0.7892834, 0.9984937), (0.74937916, 0.99934304), (0.74937916, 0.99934304), (0.7892834, 0.9984937), (0.74937916, 0.99934304), (0.7558459, 0.97863674), (0.7558459, 0.97863674), (0.74937916, 0.99934304), (0.7558459, 0.97863674), (0.71594167, 0.9794861), (0.71594167, 0.9794861), (0.7558459, 0.97863674), (0.71594167, 0.9794861), (0.7233134, 0.99989784), (0.7233134, 0.99989784), (0.71594167, 0.9794861), (0.7233134, 0.99989784), (0.68340915, 1.0007472), (0.68340915, 1.0007472), (0.7233134, 0.99989784), (0.68340915, 1.0007472), (0.6898759, 0.9800409), (0.6898759, 0.9800409), (0.68340915, 1.0007472), (0.6898759, 0.9800409), (0.6596978, 0.99100024), (0.6596978, 0.99100024), (0.6898759, 0.9800409), (0.6596978, 0.99100024), (0.65919954, 0.9712626), (0.65919954, 0.9712626), (0.6596978, 0.99100024), (0.65919954, 0.9712626), (0.6802769, 0.9775971), (0.6802769, 0.9775971), (0.65919954, 0.9712626), (0.6802769, 0.9775971), (0.67928046, 0.9381218), (0.67928046, 0.9381218), (0.6802769, 0.9775971), (0.67928046, 0.9381218), (0.65854865, 0.94547695), (0.65854865, 0.94547695), (0.67928046, 0.9381218), (0.65854865, 0.94547695), (0.6575522, 0.9060016), (0.6575522, 0.9060016), (0.65854865, 0.94547695), (0.6575522, 0.9060016), (0.6786296, 0.9123362), (0.6786296, 0.9123362), (0.6575522, 0.9060016), (0.6786296, 0.9123362), (0.6776331, 0.87286085), (0.6776331, 0.87286085), (0.6786296, 0.9123362), (0.6776331, 0.87286085), (0.6569013, 0.880216), (0.6569013, 0.880216), (0.6776331, 0.87286085), (0.6569013, 0.880216), (0.6559048, 0.8407407), (0.6559048, 0.8407407), (0.6569013, 0.880216), (0.6559048, 0.8407407), (0.6769822, 0.8470752), (0.6769822, 0.8470752), (0.6559048, 0.8407407), (0.6769822, 0.8470752), (0.67598575, 0.8075999), (0.67598575, 0.8075999), (0.6769822, 0.8470752), (0.67598575, 0.8075999), (0.65525395, 0.81495506), (0.65525395, 0.81495506), (0.67598575, 0.8075999), (0.65525395, 0.81495506), (0.6542575, 0.7754797), (0.6542575, 0.7754797), (0.65525395, 0.81495506), (0.6542575, 0.7754797), (0.6753349, 0.7818143), (0.6753349, 0.7818143), (0.6542575, 0.7754797), (0.6753349, 0.7818143), (0.67433846, 0.7423389), (0.67433846, 0.7423389), (0.6753349, 0.7818143), (0.67433846, 0.7423389), (0.6536066, 0.7496941), (0.6536066, 0.7496941), (0.67433846, 0.7423389), (0.6536066, 0.7496941), (0.6526102, 0.7102187), (0.6526102, 0.7102187), (0.6536066, 0.7496941), (0.6526102, 0.7102187), (0.6736875, 0.71655333), (0.6736875, 0.71655333), (0.6526102, 0.7102187), (0.6736875, 0.71655333), (0.6726911, 0.67707795), (0.6726911, 0.67707795), (0.6736875, 0.71655333), (0.6726911, 0.67707795), (0.6519593, 0.68443316), (0.6519593, 0.68443316), (0.6726911, 0.67707795), (0.6519593, 0.68443316), (0.6616756, 0.65416104), (0.6616756, 0.65416104), (0.6519593, 0.68443316), (0.6616756, 0.65416104), (0.6816263, 0.6537148), (0.6816263, 0.6537148), (0.6616756, 0.65416104), (0.6816263, 0.6537148), (0.6751831, 0.67442805), (0.6751831, 0.67442805), (0.6816263, 0.6537148), (0.6751831, 0.67442805), (0.7150846, 0.67353547), (0.7150846, 0.67353547), (0.6751831, 0.67442805), (0.7150846, 0.67353547), (0.7076903, 0.6531317), (0.7076903, 0.6531317), (0.7150846, 0.67353547), (0.7076903, 0.6531317), (0.7475918, 0.65223914), (0.7475918, 0.65223914), (0.7076903, 0.6531317), (0.7475918, 0.65223914), (0.7411486, 0.6729524), (0.7411486, 0.6729524), (0.7475918, 0.65223914), (0.7411486, 0.6729524), (0.7810501, 0.67205983), (0.7810501, 0.67205983), (0.7411486, 0.6729524), (0.7810501, 0.67205983), (0.7736558, 0.6516561), (0.7736558, 0.6516561), (0.7810501, 0.67205983), (0.7736558, 0.6516561), (0.81355727, 0.65076345), (0.81355727, 0.65076345), (0.7736558, 0.6516561), (0.81355727, 0.65076345), (0.80711406, 0.6714768), (0.80711406, 0.6714768), (0.81355727, 0.65076345), (0.80711406, 0.6714768), (0.84701556, 0.67058414), (0.84701556, 0.67058414), (0.80711406, 0.6714768), (0.84701556, 0.67058414), (0.83962125, 0.6501804), (0.83962125, 0.6501804), (0.84701556, 0.67058414), (0.83962125, 0.6501804), (0.87952274, 0.6492878), (0.87952274, 0.6492878), (0.83962125, 0.6501804), (0.87952274, 0.6492878), (0.87307954, 0.6700011), (0.87307954, 0.6700011), (0.87952274, 0.6492878), (0.87307954, 0.6700011), (0.91298103, 0.6691085), (0.91298103, 0.6691085), (0.87307954, 0.6700011), (0.91298103, 0.6691085), (0.9055867, 0.64870477), (0.9055867, 0.64870477), (0.91298103, 0.6691085), (0.9055867, 0.64870477), (0.9454882, 0.6478122), (0.9454882, 0.6478122), (0.9055867, 0.64870477), (0.9454882, 0.6478122), (0.939045, 0.66852546), (0.939045, 0.66852546), (0.9454882, 0.6478122), (0.939045, 0.66852546), (0.9789465, 0.6676329), (0.9789465, 0.6676329), (0.939045, 0.66852546), (0.9789465, 0.6676329), (0.9715522, 0.64722914), (0.9715522, 0.64722914), (0.9789465, 0.6676329), (0.9715522, 0.64722914), (0.98128843, 0.65731764), (0.98128843, 0.65731764), (0.9715522, 0.64722914)] (
                interpolation = "faceVarying"
            )
            uniform token subdivisionScheme = "none"
        }

        def Mesh "foam_tile_2_1" (
            prepend apiSchemas = ["MaterialBindingAPI"]
        )
        {
            int[] faceVertexCounts = [3, 3, 3, 3, 3, 3, 3, 3, 3, 3, 3, 3, 3, 3, 3, 3, 3, 3, 3, 3, 3, 3, 3, 3, 3, 3, 3, 3, 3, 3, 3, 3, 3, 3, 3, 3, 3, 3, 3, 3, 3, 3, 3, 3, 3, 3, 3, 3, 3, 3, 3, 3, 3, 3, 3, 3, 3, 3, 3, 3, 3, 3, 3, 3, 3, 3, 3, 3, 3, 3, 3, 3, 3, 3, 3, 3, 3, 3, 3, 3, 3, 3, 4, 4, 4, 4, 4, 4, 4, 4, 4, 4, 4, 4, 4, 4, 4, 4, 4, 4, 4, 4, 4, 4, 4, 4, 4, 4, 4, 4, 4, 4, 4, 4, 4, 4, 4, 4, 4, 4, 4, 4, 4, 4, 4, 4, 4, 4, 4, 4, 4, 4, 4, 4, 4, 4, 4, 4, 4, 4, 4, 4, 4, 4, 4, 4, 4, 4, 4, 4, 4, 4, 4, 4, 4, 4, 4, 4, 4, 4, 4, 4, 4, 4, 4, 4]
            int[] faceVertexIndices = [1, 2, 3, 1, 3, 4, 5, 6, 7, 5, 7, 8, 9, 10, 11, 9, 11, 12, 13, 14, 15, 13, 15, 16, 17, 18, 19, 17, 19, 20, 20, 21, 22, 17, 20, 22, 16, 17, 22, 13, 16, 22, 12, 13, 22, 9, 12, 22, 8, 9, 22, 5, 8, 22, 4, 5, 22, 1, 4, 22, 0, 1, 22, 22, 23, 24, 22, 24, 25, 0, 22, 25, 26, 27, 28, 26, 28, 29, 30, 31, 32, 30, 32, 33, 34, 35, 36, 34, 36, 37, 38, 39, 40, 38, 40, 41, 42, 43, 44, 41, 42, 44, 38, 41, 44, 37, 38, 44, 34, 37, 44, 33, 34, 44, 30, 33, 44, 29, 30, 44, 26, 29, 44, 25, 26, 44, 25, 44, 45, 45, 46, 47, 45, 47, 48, 25, 45, 48, 25, 48, 49, 49, 50, 51, 25, 49, 51, 25, 51, 52, 25, 52, 53, 53, 54, 55, 25, 53, 55, 25, 55, 56, 25, 56, 57, 57, 58, 59, 25, 57, 59, 25, 59, 60, 25, 60, 61, 61, 62, 63, 61, 63, 64, 61, 64, 65, 25, 61, 65, 25, 65, 66, 25, 66, 67, 67, 68, 69, 25, 67, 69, 25, 69, 70, 25, 70, 71, 71, 72, 73, 25, 71, 73, 25, 73, 74, 74, 75, 76, 74, 76, 77, 25, 74, 77, 25, 77, 78, 78, 79, 80, 78, 80, 81, 25, 78, 81, 25, 81, 82, 0, 25, 82, 0, 82, 83, 0, 1, 85, 84, 1, 2, 86, 85, 2, 3, 87, 86, 3, 4, 88, 87, 4, 5, 89, 88, 5, 6, 90, 89, 6, 7, 91, 90, 7, 8, 92, 91, 8, 9, 93, 92, 9, 10, 94, 93, 10, 11, 95, 94, 11, 12, 96, 95, 12, 13, 97, 96, 13, 14, 98, 97, 14, 15, 99, 98, 15, 16, 100, 99, 16, 17, 101, 100, 17, 18, 102, 101, 18, 19, 103, 102, 19, 20, 104, 103, 20, 21, 105, 104, 21, 22, 106, 105, 22, 23, 107, 106, 23, 24, 108, 107, 24, 25, 109, 108, 25, 26, 110, 109, 26, 27, 111, 110, 27, 28, 112, 111, 28, 29, 113, 112, 29, 30, 114, 113, 30, 31, 115, 114, 31, 32, 116, 115, 32, 33, 117, 116, 33, 34, 118, 117, 34, 35, 119, 118, 35, 36, 120, 119, 36, 37, 121, 120, 37, 38, 122, 121, 38, 39, 123, 122, 39, 40, 124, 123, 40, 41, 125, 124, 41, 42, 126, 125, 42, 43, 127, 126, 43, 44, 128, 127, 44, 45, 129, 128, 45, 46, 130, 129, 46, 47, 131, 130, 47, 48, 132, 131, 48, 49, 133, 132, 49, 50, 134, 133, 50, 51, 135, 134, 51, 52, 136, 135, 52, 53, 137, 136, 53, 54, 138, 137, 54, 55, 139, 138, 55, 56, 140, 139, 56, 57, 141, 140, 57, 58, 142, 141, 58, 59, 143, 142, 59, 60, 144, 143, 60, 61, 145, 144, 61, 62, 146, 145, 62, 63, 147, 146, 63, 64, 148, 147, 64, 65, 149, 148, 65, 66, 150, 149, 66, 67, 151, 150, 67, 68, 152, 151, 68, 69, 153, 152, 69, 70, 154, 153, 70, 71, 155, 154, 71, 72, 156, 155, 72, 73, 157, 156, 73, 74, 158, 157, 74, 75, 159, 158, 75, 76, 160, 159, 76, 77, 161, 160, 77, 78, 162, 161, 78, 79, 163, 162, 79, 80, 164, 163, 80, 81, 165, 164, 81, 82, 166, 165, 82, 83, 167, 166, 83, 0, 84, 167]
            rel material:binding = </world/table/surface_texture_mat_2_1>
            point3f[] points = [(0.12854998, -0.13813007, 0.0471), (0.14678301, -0.13858268, 0.0471), (0.13998854, -0.15741609, 0.0471), (0.1764546, -0.15832129, 0.0471), (0.17060293, -0.13917397, 0.0471), (0.207069, -0.14007917, 0.0471), (0.20027453, -0.15891257, 0.0471), (0.23674059, -0.15981779, 0.0471), (0.23088892, -0.14067045, 0.0471), (0.26735497, -0.14157566, 0.0471), (0.2605605, -0.16040906, 0.0471), (0.29702657, -0.16131428, 0.0471), (0.2911749, -0.14216694, 0.0471), (0.32764095, -0.14307216, 0.0471), (0.3208465, -0.16190556, 0.0471), (0.35731256, -0.16281076, 0.0471), (0.35146087, -0.14366344, 0.0471), (0.38792694, -0.14456864, 0.0471), (0.38113248, -0.16340205, 0.0471), (0.41759855, -0.16430725, 0.0471), (0.41174686, -0.14515993, 0.0471), (0.4202487, -0.15488523, 0.0471), (0.42067215, -0.1368131, 0.0471), (0.4395163, -0.14352535, 0.0471), (0.4403632, -0.107381105, 0.0471), (0.42122534, -0.1132034, 0.0471), (0.42207223, -0.07705916, 0.0471), (0.4409164, -0.08377141, 0.0471), (0.44176328, -0.04762716, 0.0471), (0.42262542, -0.053449452, 0.0471), (0.42347232, -0.017305208, 0.0471), (0.44231647, -0.024017457, 0.0471), (0.4431634, 0.0121267885, 0.0471), (0.42402554, 0.006304495, 0.0471), (0.42487243, 0.04244874, 0.0471), (0.4437166, 0.03573649, 0.0471), (0.44456348, 0.071880735, 0.0471), (0.42542562, 0.06605844, 0.0471), (0.4262725, 0.10220269, 0.0471), (0.44511667, 0.09549044, 0.0471), (0.44596356, 0.13163468, 0.0471), (0.42682573, 0.1258124, 0.0471), (0.43691626, 0.15315859, 0.0471), (0.41872555, 0.15348728, 0.0471), (0.42469075, 0.13438018, 0.0471), (0.38830936, 0.13503756, 0.0471), (0.39496094, 0.15391669, 0.0471), (0.35857955, 0.15457407, 0.0471), (0.36454475, 0.13546696, 0.0471), (0.32816333, 0.13612434, 0.0471), (0.3348149, 0.15500347, 0.0471), (0.2984335, 0.15566085, 0.0471), (0.30439872, 0.13655375, 0.0471), (0.2680173, 0.13721113, 0.0471), (0.2746689, 0.15609026, 0.0471), (0.23828748, 0.15674764, 0.0471), (0.24425268, 0.13764054, 0.0471), (0.20787127, 0.13829792, 0.0471), (0.21452287, 0.15717705, 0.0471), (0.17814146, 0.15783443, 0.0471), (0.18410666, 0.13872732, 0.0471), (0.14772525, 0.1393847, 0.0471), (0.15437683, 0.15826383, 0.0471), (0.12651964, 0.14934237, 0.0471), (0.12605385, 0.13139416, 0.0471), (0.1452052, 0.13712566, 0.0471), (0.14427365, 0.101229236, 0.0471), (0.12544535, 0.10794634, 0.0471), (0.1245138, 0.072049916, 0.0471), (0.14366515, 0.07778141, 0.0471), (0.1427336, 0.04188499, 0.0471), (0.1239053, 0.048602097, 0.0471), (0.12297375, 0.0127056725, 0.0471), (0.1421251, 0.018437166, 0.0471), (0.14119354, -0.017459258, 0.0471), (0.12236525, -0.01074215, 0.0471), (0.1214337, -0.046638574, 0.0471), (0.14058505, -0.04090708, 0.0471), (0.13965349, -0.076803505, 0.0471), (0.120825194, -0.0700864, 0.0471), (0.11989364, -0.10598282, 0.0471), (0.139045, -0.100251324, 0.0471), (0.13811344, -0.13614775, 0.0471), (0.119285144, -0.12943064, 0.0471), (0.12854998, -0.13813007, 0.0151), (0.14678301, -0.13858268, 0.0151), (0.13998854, -0.15741609, 0.0151), (0.1764546, -0.15832129, 0.0151), (0.17060293, -0.13917397, 0.0151), (0.207069, -0.14007917, 0.0151), (0.20027453, -0.15891257, 0.0151), (0.23674059, -0.15981779, 0.0151), (0.23088892, -0.14067045, 0.0151), (0.26735497, -0.14157566, 0.0151), (0.2605605, -0.16040906, 0.0151), (0.29702657, -0.16131428, 0.0151), (0.2911749, -0.14216694, 0.0151), (0.32764095, -0.14307216, 0.0151), (0.3208465, -0.16190556, 0.0151), (0.35731256, -0.16281076, 0.0151), (0.35146087, -0.14366344, 0.0151), (0.38792694, -0.14456864, 0.0151), (0.38113248, -0.16340205, 0.0151), (0.41759855, -0.16430725, 0.0151), (0.41174686, -0.14515993, 0.0151), (0.4202487, -0.15488523, 0.0151), (0.42067215, -0.1368131, 0.0151), (0.4395163, -0.14352535, 0.0151), (0.4403632, -0.107381105, 0.0151), (0.42122534, -0.1132034, 0.0151), (0.42207223, -0.07705916, 0.0151), (0.4409164, -0.08377141, 0.0151), (0.44176328, -0.04762716, 0.0151), (0.42262542, -0.053449452, 0.0151), (0.42347232, -0.017305208, 0.0151), (0.44231647, -0.024017457, 0.0151), (0.4431634, 0.0121267885, 0.0151), (0.42402554, 0.006304495, 0.0151), (0.42487243, 0.04244874, 0.0151), (0.4437166, 0.03573649, 0.0151), (0.44456348, 0.071880735, 0.0151), (0.42542562, 0.06605844, 0.0151), (0.4262725, 0.10220269, 0.0151), (0.44511667, 0.09549044, 0.0151), (0.44596356, 0.13163468, 0.0151), (0.42682573, 0.1258124, 0.0151), (0.43691626, 0.15315859, 0.0151), (0.41872555, 0.15348728, 0.0151), (0.42469075, 0.13438018, 0.0151), (0.38830936, 0.13503756, 0.0151), (0.39496094, 0.15391669, 0.0151), (0.35857955, 0.15457407, 0.0151), (0.36454475, 0.13546696, 0.0151), (0.32816333, 0.13612434, 0.0151), (0.3348149, 0.15500347, 0.0151), (0.2984335, 0.15566085, 0.0151), (0.30439872, 0.13655375, 0.0151), (0.2680173, 0.13721113, 0.0151), (0.2746689, 0.15609026, 0.0151), (0.23828748, 0.15674764, 0.0151), (0.24425268, 0.13764054, 0.0151), (0.20787127, 0.13829792, 0.0151), (0.21452287, 0.15717705, 0.0151), (0.17814146, 0.15783443, 0.0151), (0.18410666, 0.13872732, 0.0151), (0.14772525, 0.1393847, 0.0151), (0.15437683, 0.15826383, 0.0151), (0.12651964, 0.14934237, 0.0151), (0.12605385, 0.13139416, 0.0151), (0.1452052, 0.13712566, 0.0151), (0.14427365, 0.101229236, 0.0151), (0.12544535, 0.10794634, 0.0151), (0.1245138, 0.072049916, 0.0151), (0.14366515, 0.07778141, 0.0151), (0.1427336, 0.04188499, 0.0151), (0.1239053, 0.048602097, 0.0151), (0.12297375, 0.0127056725, 0.0151), (0.1421251, 0.018437166, 0.0151), (0.14119354, -0.017459258, 0.0151), (0.12236525, -0.01074215, 0.0151), (0.1214337, -0.046638574, 0.0151), (0.14058505, -0.04090708, 0.0151), (0.13965349, -0.076803505, 0.0151), (0.120825194, -0.0700864, 0.0151), (0.11989364, -0.10598282, 0.0151), (0.139045, -0.100251324, 0.0151), (0.13811344, -0.13614775, 0.0151), (0.119285144, -0.12943064, 0.0151)]
            texCoord2f[] primvars:st = [(0.6519593, 0.68443316), (0.6726911, 0.67707795), (0.6736875, 0.71655333), (0.6519593, 0.68443316), (0.6736875, 0.71655333), (0.6526102, 0.7102187), (0.6536066, 0.7496941), (0.67433846, 0.7423389), (0.6753349, 0.7818143), (0.6536066, 0.7496941), (0.6753349, 0.7818143), (0.6542575, 0.7754797), (0.65525395, 0.81495506), (0.67598575, 0.8075999), (0.6769822, 0.8470752), (0.65525395, 0.81495506), (0.6769822, 0.8470752), (0.6559048, 0.8407407), (0.6569013, 0.880216), (0.6776331, 0.87286085), (0.6786296, 0.9123362), (0.6569013, 0.880216), (0.6786296, 0.9123362), (0.6575522, 0.9060016), (0.65854865, 0.94547695), (0.67928046, 0.9381218), (0.6802769, 0.9775971), (0.65854865, 0.94547695), (0.6802769, 0.9775971), (0.65919954, 0.9712626), (0.65919954, 0.9712626), (0.6699051, 0.980466), (0.6500113, 0.98092437), (0.65854865, 0.94547695), (0.65919954, 0.9712626), (0.6500113, 0.98092437), (0.6575522, 0.9060016), (0.65854865, 0.94547695), (0.6500113, 0.98092437), (0.6569013, 0.880216), (0.6575522, 0.9060016), (0.6500113, 0.98092437), (0.6559048, 0.8407407), (0.6569013, 0.880216), (0.6500113, 0.98092437), (0.65525395, 0.81495506), (0.6559048, 0.8407407), (0.6500113, 0.98092437), (0.6542575, 0.7754797), (0.65525395, 0.81495506), (0.6500113, 0.98092437), (0.6536066, 0.7496941), (0.6542575, 0.7754797), (0.6500113, 0.98092437), (0.6526102, 0.7102187), (0.6536066, 0.7496941), (0.6500113, 0.98092437), (0.6519593, 0.68443316), (0.6526102, 0.7102187), (0.6500113, 0.98092437), (0.65146106, 0.6646955), (0.6519593, 0.68443316), (0.6500113, 0.98092437), (0.6500113, 0.98092437), (0.6574002, 1.0013236), (0.6176126, 1.0022404), (0.6500113, 0.98092437), (0.6176126, 1.0022404), (0.62402177, 0.9815232), (0.65146106, 0.6646955), (0.6500113, 0.98092437), (0.62402177, 0.9815232), (0.5842342, 0.98244), (0.591623, 1.0028392), (0.5518354, 1.003756), (0.5842342, 0.98244), (0.5518354, 1.003756), (0.5582446, 0.98303884), (0.518457, 0.9839556), (0.5258458, 1.0043548), (0.48605826, 1.0052717), (0.518457, 0.9839556), (0.48605826, 1.0052717), (0.49246743, 0.98455447), (0.45267984, 0.9854713), (0.4600687, 1.0058705), (0.42028108, 1.0067873), (0.45267984, 0.9854713), (0.42028108, 1.0067873), (0.42669028, 0.98607016), (0.3869027, 0.98698694), (0.39429152, 1.0073861), (0.35450393, 1.0083029), (0.3869027, 0.98698694), (0.35450393, 1.0083029), (0.36091313, 0.9875858), (0.33081043, 0.998509), (0.3304486, 0.97881716), (0.3514817, 0.9852746), (0.36091313, 0.9875858), (0.33081043, 0.998509), (0.3514817, 0.9852746), (0.3869027, 0.98698694), (0.36091313, 0.9875858), (0.3514817, 0.9852746), (0.42669028, 0.98607016), (0.3869027, 0.98698694), (0.3514817, 0.9852746), (0.45267984, 0.9854713), (0.42669028, 0.98607016), (0.3514817, 0.9852746), (0.49246743, 0.98455447), (0.45267984, 0.9854713), (0.3514817, 0.9852746), (0.518457, 0.9839556), (0.49246743, 0.98455447), (0.3514817, 0.9852746), (0.5582446, 0.98303884), (0.518457, 0.9839556), (0.3514817, 0.9852746), (0.5842342, 0.98244), (0.5582446, 0.98303884), (0.3514817, 0.9852746), (0.62402177, 0.9815232), (0.5842342, 0.98244), (0.3514817, 0.9852746), (0.62402177, 0.9815232), (0.3514817, 0.9852746), (0.35075805, 0.9458909), (0.35075805, 0.9458909), (0.3299759, 0.95309144), (0.32925224, 0.91370773), (0.35075805, 0.9458909), (0.32925224, 0.91370773), (0.35028535, 0.9201652), (0.62402177, 0.9815232), (0.35075805, 0.9458909), (0.35028535, 0.9201652), (0.62402177, 0.9815232), (0.35028535, 0.9201652), (0.34956172, 0.8807815), (0.34956172, 0.8807815), (0.32877958, 0.88798195), (0.32805592, 0.84859824), (0.62402177, 0.9815232), (0.34956172, 0.8807815), (0.32805592, 0.84859824), (0.62402177, 0.9815232), (0.32805592, 0.84859824), (0.34908903, 0.85505575), (0.62402177, 0.9815232), (0.34908903, 0.85505575), (0.34836537, 0.81567204), (0.34836537, 0.81567204), (0.32758322, 0.8228725), (0.3268596, 0.7834888), (0.62402177, 0.9815232), (0.34836537, 0.81567204), (0.3268596, 0.7834888), (0.62402177, 0.9815232), (0.3268596, 0.7834888), (0.3478927, 0.7899463), (0.62402177, 0.9815232), (0.3478927, 0.7899463), (0.34716904, 0.7505626), (0.34716904, 0.7505626), (0.3263869, 0.7577631), (0.32566324, 0.7183794), (0.62402177, 0.9815232), (0.34716904, 0.7505626), (0.32566324, 0.7183794), (0.62402177, 0.9815232), (0.32566324, 0.7183794), (0.34669635, 0.7248368), (0.62402177, 0.9815232), (0.34669635, 0.7248368), (0.34597272, 0.6854531), (0.34597272, 0.6854531), (0.32519054, 0.69265366), (0.3350113, 0.6624976), (0.34597272, 0.6854531), (0.3350113, 0.6624976), (0.3547687, 0.6619934), (0.34597272, 0.6854531), (0.3547687, 0.6619934), (0.34845948, 0.68272513), (0.62402177, 0.9815232), (0.34597272, 0.6854531), (0.34845948, 0.68272513), (0.62402177, 0.9815232), (0.34845948, 0.68272513), (0.38797426, 0.6817167), (0.62402177, 0.9815232), (0.38797426, 0.6817167), (0.38058007, 0.66133463), (0.38058007, 0.66133463), (0.42009485, 0.66032624), (0.41378564, 0.681058), (0.62402177, 0.9815232), (0.38058007, 0.66133463), (0.41378564, 0.681058), (0.62402177, 0.9815232), (0.41378564, 0.681058), (0.45330042, 0.68004954), (0.62402177, 0.9815232), (0.45330042, 0.68004954), (0.44590622, 0.6596675), (0.44590622, 0.6596675), (0.48542103, 0.6586591), (0.4791118, 0.67939085), (0.62402177, 0.9815232), (0.44590622, 0.6596675), (0.4791118, 0.67939085), (0.62402177, 0.9815232), (0.4791118, 0.67939085), (0.5186266, 0.6783824), (0.5186266, 0.6783824), (0.5112324, 0.65800035), (0.55074716, 0.65699196), (0.5186266, 0.6783824), (0.55074716, 0.65699196), (0.54443794, 0.6777237), (0.62402177, 0.9815232), (0.5186266, 0.6783824), (0.54443794, 0.6777237), (0.62402177, 0.9815232), (0.54443794, 0.6777237), (0.5839527, 0.67671525), (0.5839527, 0.67671525), (0.57655853, 0.6563332), (0.61607337, 0.6553248), (0.5839527, 0.67671525), (0.61607337, 0.6553248), (0.6097641, 0.67605656), (0.62402177, 0.9815232), (0.5839527, 0.67671525), (0.6097641, 0.67605656), (0.62402177, 0.9815232), (0.6097641, 0.67605656), (0.6492789, 0.6750481), (0.65146106, 0.6646955), (0.62402177, 0.9815232), (0.6492789, 0.6750481), (0.65146106, 0.6646955), (0.6492789, 0.6750481), (0.6418847, 0.65466607), (0.65146106, 0.6646955), (0.6519593, 0.68443316), (0.6519593, 0.68443316), (0.65146106, 0.6646955), (0.6519593, 0.68443316), (0.6726911, 0.67707795), (0.6726911, 0.67707795), (0.6519593, 0.68443316), (0.6726911, 0.67707795), (0.6736875, 0.71655333), (0.6736875, 0.71655333), (0.6726911, 0.67707795), (0.6736875, 0.71655333), (0.6526102, 0.7102187), (0.6526102, 0.7102187), (0.6736875, 0.71655333), (0.6526102, 0.7102187), (0.6536066, 0.7496941), (0.6536066, 0.7496941), (0.6526102, 0.7102187), (0.6536066, 0.7496941), (0.67433846, 0.7423389), (0.67433846, 0.7423389), (0.6536066, 0.7496941), (0.67433846, 0.7423389), (0.6753349, 0.7818143), (0.6753349, 0.7818143), (0.67433846, 0.7423389), (0.6753349, 0.7818143), (0.6542575, 0.7754797), (0.6542575, 0.7754797), (0.6753349, 0.7818143), (0.6542575, 0.7754797), (0.65525395, 0.81495506), (0.65525395, 0.81495506), (0.6542575, 0.7754797), (0.65525395, 0.81495506), (0.67598575, 0.8075999), (0.67598575, 0.8075999), (0.65525395, 0.81495506), (0.67598575, 0.8075999), (0.6769822, 0.8470752), (0.6769822, 0.8470752), (0.67598575, 0.8075999), (0.6769822, 0.8470752), (0.6559048, 0.8407407), (0.6559048, 0.8407407), (0.6769822, 0.8470752), (0.6559048, 0.8407407), (0.6569013, 0.880216), (0.6569013, 0.880216), (0.6559048, 0.8407407), (0.6569013, 0.880216), (0.6776331, 0.87286085), (0.6776331, 0.87286085), (0.6569013, 0.880216), (0.6776331, 0.87286085), (0.6786296, 0.9123362), (0.6786296, 0.9123362), (0.6776331, 0.87286085), (0.6786296, 0.9123362), (0.6575522, 0.9060016), (0.6575522, 0.9060016), (0.6786296, 0.9123362), (0.6575522, 0.9060016), (0.65854865, 0.94547695), (0.65854865, 0.94547695), (0.6575522, 0.9060016), (0.65854865, 0.94547695), (0.67928046, 0.9381218), (0.67928046, 0.9381218), (0.65854865, 0.94547695), (0.67928046, 0.9381218), (0.6802769, 0.9775971), (0.6802769, 0.9775971), (0.67928046, 0.9381218), (0.6802769, 0.9775971), (0.65919954, 0.9712626), (0.65919954, 0.9712626), (0.6802769, 0.9775971), (0.65919954, 0.9712626), (0.6699051, 0.980466), (0.6699051, 0.980466), (0.65919954, 0.9712626), (0.6699051, 0.980466), (0.6500113, 0.98092437), (0.6500113, 0.98092437), (0.6699051, 0.980466), (0.6500113, 0.98092437), (0.6574002, 1.0013236), (0.6574002, 1.0013236), (0.6500113, 0.98092437), (0.6574002, 1.0013236), (0.6176126, 1.0022404), (0.6176126, 1.0022404), (0.6574002, 1.0013236), (0.6176126, 1.0022404), (0.62402177, 0.9815232), (0.62402177, 0.9815232), (0.6176126, 1.0022404), (0.62402177, 0.9815232), (0.5842342, 0.98244), (0.5842342, 0.98244), (0.62402177, 0.9815232), (0.5842342, 0.98244), (0.591623, 1.0028392), (0.591623, 1.0028392), (0.5842342, 0.98244), (0.591623, 1.0028392), (0.5518354, 1.003756), (0.5518354, 1.003756), (0.591623, 1.0028392), (0.5518354, 1.003756), (0.5582446, 0.98303884), (0.5582446, 0.98303884), (0.5518354, 1.003756), (0.5582446, 0.98303884), (0.518457, 0.9839556), (0.518457, 0.9839556), (0.5582446, 0.98303884), (0.518457, 0.9839556), (0.5258458, 1.0043548), (0.5258458, 1.0043548), (0.518457, 0.9839556), (0.5258458, 1.0043548), (0.48605826, 1.0052717), (0.48605826, 1.0052717), (0.5258458, 1.0043548), (0.48605826, 1.0052717), (0.49246743, 0.98455447), (0.49246743, 0.98455447), (0.48605826, 1.0052717), (0.49246743, 0.98455447), (0.45267984, 0.9854713), (0.45267984, 0.9854713), (0.49246743, 0.98455447), (0.45267984, 0.9854713), (0.4600687, 1.0058705), (0.4600687, 1.0058705), (0.45267984, 0.9854713), (0.4600687, 1.0058705), (0.42028108, 1.0067873), (0.42028108, 1.0067873), (0.4600687, 1.0058705), (0.42028108, 1.0067873), (0.42669028, 0.98607016), (0.42669028, 0.98607016), (0.42028108, 1.0067873), (0.42669028, 0.98607016), (0.3869027, 0.98698694), (0.3869027, 0.98698694), (0.42669028, 0.98607016), (0.3869027, 0.98698694), (0.39429152, 1.0073861), (0.39429152, 1.0073861), (0.3869027, 0.98698694), (0.39429152, 1.0073861), (0.35450393, 1.0083029), (0.35450393, 1.0083029), (0.39429152, 1.0073861), (0.35450393, 1.0083029), (0.36091313, 0.9875858), (0.36091313, 0.9875858), (0.35450393, 1.0083029), (0.36091313, 0.9875858), (0.33081043, 0.998509), (0.33081043, 0.998509), (0.36091313, 0.9875858), (0.33081043, 0.998509), (0.3304486, 0.97881716), (0.3304486, 0.97881716), (0.33081043, 0.998509), (0.3304486, 0.97881716), (0.3514817, 0.9852746), (0.3514817, 0.9852746), (0.3304486, 0.97881716), (0.3514817, 0.9852746), (0.35075805, 0.9458909), (0.35075805, 0.9458909), (0.3514817, 0.9852746), (0.35075805, 0.9458909), (0.3299759, 0.95309144), (0.3299759, 0.95309144), (0.35075805, 0.9458909), (0.3299759, 0.95309144), (0.32925224, 0.91370773), (0.32925224, 0.91370773), (0.3299759, 0.95309144), (0.32925224, 0.91370773), (0.35028535, 0.9201652), (0.35028535, 0.9201652), (0.32925224, 0.91370773), (0.35028535, 0.9201652), (0.34956172, 0.8807815), (0.34956172, 0.8807815), (0.35028535, 0.9201652), (0.34956172, 0.8807815), (0.32877958, 0.88798195), (0.32877958, 0.88798195), (0.34956172, 0.8807815), (0.32877958, 0.88798195), (0.32805592, 0.84859824), (0.32805592, 0.84859824), (0.32877958, 0.88798195), (0.32805592, 0.84859824), (0.34908903, 0.85505575), (0.34908903, 0.85505575), (0.32805592, 0.84859824), (0.34908903, 0.85505575), (0.34836537, 0.81567204), (0.34836537, 0.81567204), (0.34908903, 0.85505575), (0.34836537, 0.81567204), (0.32758322, 0.8228725), (0.32758322, 0.8228725), (0.34836537, 0.81567204), (0.32758322, 0.8228725), (0.3268596, 0.7834888), (0.3268596, 0.7834888), (0.32758322, 0.8228725), (0.3268596, 0.7834888), (0.3478927, 0.7899463), (0.3478927, 0.7899463), (0.3268596, 0.7834888), (0.3478927, 0.7899463), (0.34716904, 0.7505626), (0.34716904, 0.7505626), (0.3478927, 0.7899463), (0.34716904, 0.7505626), (0.3263869, 0.7577631), (0.3263869, 0.7577631), (0.34716904, 0.7505626), (0.3263869, 0.7577631), (0.32566324, 0.7183794), (0.32566324, 0.7183794), (0.3263869, 0.7577631), (0.32566324, 0.7183794), (0.34669635, 0.7248368), (0.34669635, 0.7248368), (0.32566324, 0.7183794), (0.34669635, 0.7248368), (0.34597272, 0.6854531), (0.34597272, 0.6854531), (0.34669635, 0.7248368), (0.34597272, 0.6854531), (0.32519054, 0.69265366), (0.32519054, 0.69265366), (0.34597272, 0.6854531), (0.32519054, 0.69265366), (0.3350113, 0.6624976), (0.3350113, 0.6624976), (0.32519054, 0.69265366), (0.3350113, 0.6624976), (0.3547687, 0.6619934), (0.3547687, 0.6619934), (0.3350113, 0.6624976), (0.3547687, 0.6619934), (0.34845948, 0.68272513), (0.34845948, 0.68272513), (0.3547687, 0.6619934), (0.34845948, 0.68272513), (0.38797426, 0.6817167), (0.38797426, 0.6817167), (0.34845948, 0.68272513), (0.38797426, 0.6817167), (0.38058007, 0.66133463), (0.38058007, 0.66133463), (0.38797426, 0.6817167), (0.38058007, 0.66133463), (0.42009485, 0.66032624), (0.42009485, 0.66032624), (0.38058007, 0.66133463), (0.42009485, 0.66032624), (0.41378564, 0.681058), (0.41378564, 0.681058), (0.42009485, 0.66032624), (0.41378564, 0.681058), (0.45330042, 0.68004954), (0.45330042, 0.68004954), (0.41378564, 0.681058), (0.45330042, 0.68004954), (0.44590622, 0.6596675), (0.44590622, 0.6596675), (0.45330042, 0.68004954), (0.44590622, 0.6596675), (0.48542103, 0.6586591), (0.48542103, 0.6586591), (0.44590622, 0.6596675), (0.48542103, 0.6586591), (0.4791118, 0.67939085), (0.4791118, 0.67939085), (0.48542103, 0.6586591), (0.4791118, 0.67939085), (0.5186266, 0.6783824), (0.5186266, 0.6783824), (0.4791118, 0.67939085), (0.5186266, 0.6783824), (0.5112324, 0.65800035), (0.5112324, 0.65800035), (0.5186266, 0.6783824), (0.5112324, 0.65800035), (0.55074716, 0.65699196), (0.55074716, 0.65699196), (0.5112324, 0.65800035), (0.55074716, 0.65699196), (0.54443794, 0.6777237), (0.54443794, 0.6777237), (0.55074716, 0.65699196), (0.54443794, 0.6777237), (0.5839527, 0.67671525), (0.5839527, 0.67671525), (0.54443794, 0.6777237), (0.5839527, 0.67671525), (0.57655853, 0.6563332), (0.57655853, 0.6563332), (0.5839527, 0.67671525), (0.57655853, 0.6563332), (0.61607337, 0.6553248), (0.61607337, 0.6553248), (0.57655853, 0.6563332), (0.61607337, 0.6553248), (0.6097641, 0.67605656), (0.6097641, 0.67605656), (0.61607337, 0.6553248), (0.6097641, 0.67605656), (0.6492789, 0.6750481), (0.6492789, 0.6750481), (0.6097641, 0.67605656), (0.6492789, 0.6750481), (0.6418847, 0.65466607), (0.6418847, 0.65466607), (0.6492789, 0.6750481), (0.6418847, 0.65466607), (0.65146106, 0.6646955), (0.65146106, 0.6646955), (0.6418847, 0.65466607)] (
                interpolation = "faceVarying"
            )
            uniform token subdivisionScheme = "none"
        }

        def Mesh "foam_tile_2_2" (
            prepend apiSchemas = ["MaterialBindingAPI"]
        )
        {
            int[] faceVertexCounts = [3, 3, 3, 3, 3, 3, 3, 3, 3, 3, 3, 3, 3, 3, 3, 3, 3, 3, 3, 3, 3, 3, 3, 3, 3, 3, 3, 3, 3, 3, 3, 3, 3, 3, 3, 3, 3, 3, 3, 3, 3, 3, 3, 3, 3, 3, 3, 3, 3, 3, 3, 3, 3, 3, 3, 3, 3, 3, 3, 3, 3, 3, 3, 3, 3, 3, 3, 3, 3, 3, 3, 3, 3, 3, 3, 3, 3, 3, 3, 3, 3, 3, 4, 4, 4, 4, 4, 4, 4, 4, 4, 4, 4, 4, 4, 4, 4, 4, 4, 4, 4, 4, 4, 4, 4, 4, 4, 4, 4, 4, 4, 4, 4, 4, 4, 4, 4, 4, 4, 4, 4, 4, 4, 4, 4, 4, 4, 4, 4, 4, 4, 4, 4, 4, 4, 4, 4, 4, 4, 4, 4, 4, 4, 4, 4, 4, 4, 4, 4, 4, 4, 4, 4, 4, 4, 4, 4, 4, 4, 4, 4, 4, 4, 4, 4, 4]
            int[] faceVertexIndices = [1, 2, 3, 1, 3, 4, 5, 6, 7, 5, 7, 8, 9, 10, 11, 9, 11, 12, 13, 14, 15, 13, 15, 16, 17, 18, 19, 17, 19, 20, 20, 21, 22, 17, 20, 22, 16, 17, 22, 13, 16, 22, 12, 13, 22, 9, 12, 22, 8, 9, 22, 5, 8, 22, 4, 5, 22, 1, 4, 22, 0, 1, 22, 22, 23, 24, 22, 24, 25, 0, 22, 25, 26, 27, 28, 26, 28, 29, 30, 31, 32, 30, 32, 33, 34, 35, 36, 34, 36, 37, 38, 39, 40, 38, 40, 41, 42, 43, 44, 41, 42, 44, 38, 41, 44, 37, 38, 44, 34, 37, 44, 33, 34, 44, 30, 33, 44, 29, 30, 44, 26, 29, 44, 25, 26, 44, 25, 44, 45, 45, 46, 47, 45, 47, 48, 25, 45, 48, 25, 48, 49, 49, 50, 51, 25, 49, 51, 25, 51, 52, 25, 52, 53, 53, 54, 55, 25, 53, 55, 25, 55, 56, 25, 56, 57, 57, 58, 59, 25, 57, 59, 25, 59, 60, 25, 60, 61, 61, 62, 63, 61, 63, 64, 61, 64, 65, 25, 61, 65, 25, 65, 66, 25, 66, 67, 67, 68, 69, 25, 67, 69, 25, 69, 70, 25, 70, 71, 71, 72, 73, 25, 71, 73, 25, 73, 74, 74, 75, 76, 74, 76, 77, 25, 74, 77, 25, 77, 78, 78, 79, 80, 78, 80, 81, 25, 78, 81, 25, 81, 82, 0, 25, 82, 0, 82, 83, 0, 1, 85, 84, 1, 2, 86, 85, 2, 3, 87, 86, 3, 4, 88, 87, 4, 5, 89, 88, 5, 6, 90, 89, 6, 7, 91, 90, 7, 8, 92, 91, 8, 9, 93, 92, 9, 10, 94, 93, 10, 11, 95, 94, 11, 12, 96, 95, 12, 13, 97, 96, 13, 14, 98, 97, 14, 15, 99, 98, 15, 16, 100, 99, 16, 17, 101, 100, 17, 18, 102, 101, 18, 19, 103, 102, 19, 20, 104, 103, 20, 21, 105, 104, 21, 22, 106, 105, 22, 23, 107, 106, 23, 24, 108, 107, 24, 25, 109, 108, 25, 26, 110, 109, 26, 27, 111, 110, 27, 28, 112, 111, 28, 29, 113, 112, 29, 30, 114, 113, 30, 31, 115, 114, 31, 32, 116, 115, 32, 33, 117, 116, 33, 34, 118, 117, 34, 35, 119, 118, 35, 36, 120, 119, 36, 37, 121, 120, 37, 38, 122, 121, 38, 39, 123, 122, 39, 40, 124, 123, 40, 41, 125, 124, 41, 42, 126, 125, 42, 43, 127, 126, 43, 44, 128, 127, 44, 45, 129, 128, 45, 46, 130, 129, 46, 47, 131, 130, 47, 48, 132, 131, 48, 49, 133, 132, 49, 50, 134, 133, 50, 51, 135, 134, 51, 52, 136, 135, 52, 53, 137, 136, 53, 54, 138, 137, 54, 55, 139, 138, 55, 56, 140, 139, 56, 57, 141, 140, 57, 58, 142, 141, 58, 59, 143, 142, 59, 60, 144, 143, 60, 61, 145, 144, 61, 62, 146, 145, 62, 63, 147, 146, 63, 64, 148, 147, 64, 65, 149, 148, 65, 66, 150, 149, 66, 67, 151, 150, 67, 68, 152, 151, 68, 69, 153, 152, 69, 70, 154, 153, 70, 71, 155, 154, 71, 72, 156, 155, 72, 73, 157, 156, 73, 74, 158, 157, 74, 75, 159, 158, 75, 76, 160, 159, 76, 77, 161, 160, 77, 78, 162, 161, 78, 79, 163, 162, 79, 80, 164, 163, 80, 81, 165, 164, 81, 82, 166, 165, 82, 83, 167, 166, 83, 0, 84, 167]
            rel material:binding = </world/table/surface_texture_mat_2_2>
            point3f[] points = [(0.13618614, 0.15859252, 0.0471), (0.15437683, 0.15826383, 0.0471), (0.14772525, 0.1393847, 0.0471), (0.18410666, 0.13872732, 0.0471), (0.17814146, 0.15783443, 0.0471), (0.21452287, 0.15717705, 0.0471), (0.20787127, 0.13829792, 0.0471), (0.24425268, 0.13764054, 0.0471), (0.23828748, 0.15674764, 0.0471), (0.2746689, 0.15609026, 0.0471), (0.2680173, 0.13721113, 0.0471), (0.30439872, 0.13655375, 0.0471), (0.2984335, 0.15566085, 0.0471), (0.3348149, 0.15500347, 0.0471), (0.32816333, 0.13612434, 0.0471), (0.36454475, 0.13546696, 0.0471), (0.35857955, 0.15457407, 0.0471), (0.39496094, 0.15391669, 0.0471), (0.38830936, 0.13503756, 0.0471), (0.42469075, 0.13438018, 0.0471), (0.41872555, 0.15348728, 0.0471), (0.4272467, 0.14371254, 0.0471), (0.4273404, 0.16132951, 0.0471), (0.44630384, 0.15511905, 0.0471), (0.44649124, 0.19035299, 0.0471), (0.4274628, 0.18434459, 0.0471), (0.42765018, 0.21957853, 0.0471), (0.44661364, 0.21336807, 0.0471), (0.446801, 0.24860202, 0.0471), (0.42777258, 0.24259362, 0.0471), (0.42795995, 0.27782756, 0.0471), (0.4469234, 0.27161708, 0.0471), (0.4471108, 0.30685103, 0.0471), (0.42808235, 0.30084264, 0.0471), (0.42826974, 0.33607656, 0.0471), (0.4472332, 0.3298661, 0.0471), (0.44742057, 0.36510006, 0.0471), (0.42839214, 0.35909167, 0.0471), (0.42857954, 0.39432558, 0.0471), (0.447543, 0.38811514, 0.0471), (0.44773036, 0.42334908, 0.0471), (0.42870194, 0.41734067, 0.0471), (0.4384919, 0.44440317, 0.0471), (0.42036578, 0.44478175, 0.0471), (0.42625514, 0.42565838, 0.0471), (0.39000288, 0.4264155, 0.0471), (0.3966855, 0.44527632, 0.0471), (0.36043325, 0.44603345, 0.0471), (0.3663226, 0.42691007, 0.0471), (0.33007035, 0.42766723, 0.0471), (0.336753, 0.44652802, 0.0471), (0.30050072, 0.44728515, 0.0471), (0.30639008, 0.4281618, 0.0471), (0.27013782, 0.42891893, 0.0471), (0.27682048, 0.44777972, 0.0471), (0.2405682, 0.44853684, 0.0471), (0.24645756, 0.4294135, 0.0471), (0.21020529, 0.43017063, 0.0471), (0.21688795, 0.4490314, 0.0471), (0.18063568, 0.44978857, 0.0471), (0.18652503, 0.4306652, 0.0471), (0.15027276, 0.43142232, 0.0471), (0.15695542, 0.4502831, 0.0471), (0.12913324, 0.44125074, 0.0471), (0.12897497, 0.4235839, 0.0471), (0.1480253, 0.42954046, 0.0471), (0.14770879, 0.39420676, 0.0471), (0.1287682, 0.40050364, 0.0471), (0.12845169, 0.36516994, 0.0471), (0.14750202, 0.3711265, 0.0471), (0.1471855, 0.3357928, 0.0471), (0.12824492, 0.3420897, 0.0471), (0.1279284, 0.30675602, 0.0471), (0.14697874, 0.31271258, 0.0471), (0.14666222, 0.2773789, 0.0471), (0.12772164, 0.28367576, 0.0471), (0.12740512, 0.24834208, 0.0471), (0.14645545, 0.25429863, 0.0471), (0.14613894, 0.21896495, 0.0471), (0.12719835, 0.22526184, 0.0471), (0.12688184, 0.18992814, 0.0471), (0.14593217, 0.1958847, 0.0471), (0.14561565, 0.16055101, 0.0471), (0.12667507, 0.1668479, 0.0471), (0.13618614, 0.15859252, 0.0151), (0.15437683, 0.15826383, 0.0151), (0.14772525, 0.1393847, 0.0151), (0.18410666, 0.13872732, 0.0151), (0.17814146, 0.15783443, 0.0151), (0.21452287, 0.15717705, 0.0151), (0.20787127, 0.13829792, 0.0151), (0.24425268, 0.13764054, 0.0151), (0.23828748, 0.15674764, 0.0151), (0.2746689, 0.15609026, 0.0151), (0.2680173, 0.13721113, 0.0151), (0.30439872, 0.13655375, 0.0151), (0.2984335, 0.15566085, 0.0151), (0.3348149, 0.15500347, 0.0151), (0.32816333, 0.13612434, 0.0151), (0.36454475, 0.13546696, 0.0151), (0.35857955, 0.15457407, 0.0151), (0.39496094, 0.15391669, 0.0151), (0.38830936, 0.13503756, 0.0151), (0.42469075, 0.13438018, 0.0151), (0.41872555, 0.15348728, 0.0151), (0.4272467, 0.14371254, 0.0151), (0.4273404, 0.16132951, 0.0151), (0.44630384, 0.15511905, 0.0151), (0.44649124, 0.19035299, 0.0151), (0.4274628, 0.18434459, 0.0151), (0.42765018, 0.21957853, 0.0151), (0.44661364, 0.21336807, 0.0151), (0.446801, 0.24860202, 0.0151), (0.42777258, 0.24259362, 0.0151), (0.42795995, 0.27782756, 0.0151), (0.4469234, 0.27161708, 0.0151), (0.4471108, 0.30685103, 0.0151), (0.42808235, 0.30084264, 0.0151), (0.42826974, 0.33607656, 0.0151), (0.4472332, 0.3298661, 0.0151), (0.44742057, 0.36510006, 0.0151), (0.42839214, 0.35909167, 0.0151), (0.42857954, 0.39432558, 0.0151), (0.447543, 0.38811514, 0.0151), (0.44773036, 0.42334908, 0.0151), (0.42870194, 0.41734067, 0.0151), (0.4384919, 0.44440317, 0.0151), (0.42036578, 0.44478175, 0.0151), (0.42625514, 0.42565838, 0.0151), (0.39000288, 0.4264155, 0.0151), (0.3966855, 0.44527632, 0.0151), (0.36043325, 0.44603345, 0.0151), (0.3663226, 0.42691007, 0.0151), (0.33007035, 0.42766723, 0.0151), (0.336753, 0.44652802, 0.0151), (0.30050072, 0.44728515, 0.0151), (0.30639008, 0.4281618, 0.0151), (0.27013782, 0.42891893, 0.0151), (0.27682048, 0.44777972, 0.0151), (0.2405682, 0.44853684, 0.0151), (0.24645756, 0.4294135, 0.0151), (0.21020529, 0.43017063, 0.0151), (0.21688795, 0.4490314, 0.0151), (0.18063568, 0.44978857, 0.0151), (0.18652503, 0.4306652, 0.0151), (0.15027276, 0.43142232, 0.0151), (0.15695542, 0.4502831, 0.0151), (0.12913324, 0.44125074, 0.0151), (0.12897497, 0.4235839, 0.0151), (0.1480253, 0.42954046, 0.0151), (0.14770879, 0.39420676, 0.0151), (0.1287682, 0.40050364, 0.0151), (0.12845169, 0.36516994, 0.0151), (0.14750202, 0.3711265, 0.0151), (0.1471855, 0.3357928, 0.0151), (0.12824492, 0.3420897, 0.0151), (0.1279284, 0.30675602, 0.0151), (0.14697874, 0.31271258, 0.0151), (0.14666222, 0.2773789, 0.0151), (0.12772164, 0.28367576, 0.0151), (0.12740512, 0.24834208, 0.0151), (0.14645545, 0.25429863, 0.0151), (0.14613894, 0.21896495, 0.0151), (0.12719835, 0.22526184, 0.0151), (0.12688184, 0.18992814, 0.0151), (0.14593217, 0.1958847, 0.0151), (0.14561565, 0.16055101, 0.0151), (0.12667507, 0.1668479, 0.0151)]
            texCoord2f[] primvars:st = [(0.32519054, 0.69265366), (0.34597272, 0.6854531), (0.34669635, 0.7248368), (0.32519054, 0.69265366), (0.34669635, 0.7248368), (0.32566324, 0.7183794), (0.3263869, 0.7577631), (0.34716904, 0.7505626), (0.3478927, 0.7899463), (0.3263869, 0.7577631), (0.3478927, 0.7899463), (0.3268596, 0.7834888), (0.32758322, 0.8228725), (0.34836537, 0.81567204), (0.34908903, 0.85505575), (0.32758322, 0.8228725), (0.34908903, 0.85505575), (0.32805592, 0.84859824), (0.32877958, 0.88798195), (0.34956172, 0.8807815), (0.35028535, 0.9201652), (0.32877958, 0.88798195), (0.35028535, 0.9201652), (0.32925224, 0.91370773), (0.3299759, 0.95309144), (0.35075805, 0.9458909), (0.3514817, 0.9852746), (0.3299759, 0.95309144), (0.3514817, 0.9852746), (0.3304486, 0.97881716), (0.3304486, 0.97881716), (0.34120864, 0.98804146), (0.32181585, 0.9881429), (0.3299759, 0.95309144), (0.3304486, 0.97881716), (0.32181585, 0.9881429), (0.32925224, 0.91370773), (0.3299759, 0.95309144), (0.32181585, 0.9881429), (0.32877958, 0.88798195), (0.32925224, 0.91370773), (0.32181585, 0.9881429), (0.32805592, 0.84859824), (0.32877958, 0.88798195), (0.32181585, 0.9881429), (0.32758322, 0.8228725), (0.32805592, 0.84859824), (0.32181585, 0.9881429), (0.3268596, 0.7834888), (0.32758322, 0.8228725), (0.32181585, 0.9881429), (0.3263869, 0.7577631), (0.3268596, 0.7834888), (0.32181585, 0.9881429), (0.32566324, 0.7183794), (0.3263869, 0.7577631), (0.32181585, 0.9881429), (0.32519054, 0.69265366), (0.32566324, 0.7183794), (0.32181585, 0.9881429), (0.3248287, 0.6729618), (0.32519054, 0.69265366), (0.32181585, 0.9881429), (0.32181585, 0.9881429), (0.32865232, 1.0086713), (0.2898668, 1.0088742), (0.32181585, 0.9881429), (0.2898668, 1.0088742), (0.29648086, 0.9882754), (0.3248287, 0.6729618), (0.32181585, 0.9881429), (0.29648086, 0.9882754), (0.25769532, 0.98847824), (0.2645318, 1.0090066), (0.22574626, 1.0092095), (0.25769532, 0.98847824), (0.22574626, 1.0092095), (0.23236032, 0.98861074), (0.19357479, 0.9888136), (0.20041126, 1.009342), (0.16162573, 1.0095448), (0.19357479, 0.9888136), (0.16162573, 1.0095448), (0.16823977, 0.9889461), (0.12945424, 0.989149), (0.13629071, 1.0096773), (0.09750519, 1.0098802), (0.12945424, 0.989149), (0.09750519, 1.0098802), (0.10411924, 0.9892815), (0.06533371, 0.9894843), (0.072170176, 1.0100126), (0.033384647, 1.0102155), (0.06533371, 0.9894843), (0.033384647, 1.0102155), (0.0399987, 0.9896168), (0.010208298, 1.0002147), (0.00979157, 0.9805927), (0.03084257, 0.9869681), (0.0399987, 0.9896168), (0.010208298, 1.0002147), (0.03084257, 0.9869681), (0.06533371, 0.9894843), (0.0399987, 0.9896168), (0.03084257, 0.9869681), (0.10411924, 0.9892815), (0.06533371, 0.9894843), (0.03084257, 0.9869681), (0.12945424, 0.989149), (0.10411924, 0.9892815), (0.03084257, 0.9869681), (0.16823977, 0.9889461), (0.12945424, 0.989149), (0.03084257, 0.9869681), (0.19357479, 0.9888136), (0.16823977, 0.9889461), (0.03084257, 0.9869681), (0.23236032, 0.98861074), (0.19357479, 0.9888136), (0.03084257, 0.9869681), (0.25769532, 0.98847824), (0.23236032, 0.98861074), (0.03084257, 0.9869681), (0.29648086, 0.9882754), (0.25769532, 0.98847824), (0.03084257, 0.9869681), (0.29648086, 0.9882754), (0.03084257, 0.9869681), (0.030009113, 0.94772416), (0.030009113, 0.94772416), (0.00924715, 0.9549583), (0.008413694, 0.91571444), (0.030009113, 0.94772416), (0.008413694, 0.91571444), (0.029464694, 0.92208976), (0.29648086, 0.9882754), (0.030009113, 0.94772416), (0.029464694, 0.92208976), (0.29648086, 0.9882754), (0.029464694, 0.92208976), (0.028631238, 0.8828459), (0.028631238, 0.8828459), (0.007869273, 0.89008), (0.0070358175, 0.8508361), (0.29648086, 0.9882754), (0.028631238, 0.8828459), (0.0070358175, 0.8508361), (0.29648086, 0.9882754), (0.0070358175, 0.8508361), (0.028086817, 0.8572114), (0.29648086, 0.9882754), (0.028086817, 0.8572114), (0.027253361, 0.81796753), (0.027253361, 0.81796753), (0.0064913975, 0.8252017), (0.005657941, 0.78595775), (0.29648086, 0.9882754), (0.027253361, 0.81796753), (0.005657941, 0.78595775), (0.29648086, 0.9882754), (0.005657941, 0.78595775), (0.026708942, 0.7923331), (0.29648086, 0.9882754), (0.026708942, 0.7923331), (0.025875485, 0.7530892), (0.025875485, 0.7530892), (0.005113521, 0.76032335), (0.0042800647, 0.7210794), (0.29648086, 0.9882754), (0.025875485, 0.7530892), (0.0042800647, 0.7210794), (0.29648086, 0.9882754), (0.0042800647, 0.7210794), (0.025331065, 0.7274548), (0.29648086, 0.9882754), (0.025331065, 0.7274548), (0.024497608, 0.6882109), (0.024497608, 0.6882109), (0.003735645, 0.695445), (0.013678499, 0.66532683), (0.024497608, 0.6882109), (0.013678499, 0.66532683), (0.033126168, 0.66515553), (0.024497608, 0.6882109), (0.033126168, 0.66515553), (0.026569186, 0.68577796), (0.29648086, 0.9882754), (0.024497608, 0.6882109), (0.026569186, 0.68577796), (0.29648086, 0.9882754), (0.026569186, 0.68577796), (0.06546453, 0.6854353), (0.29648086, 0.9882754), (0.06546453, 0.6854353), (0.058532905, 0.6649317), (0.058532905, 0.6649317), (0.09742825, 0.66458905), (0.09087126, 0.6852115), (0.29648086, 0.9882754), (0.058532905, 0.6649317), (0.09087126, 0.6852115), (0.29648086, 0.9882754), (0.09087126, 0.6852115), (0.1297666, 0.6848689), (0.29648086, 0.9882754), (0.1297666, 0.6848689), (0.12283498, 0.66436523), (0.12283498, 0.66436523), (0.16173032, 0.6640226), (0.15517335, 0.684645), (0.29648086, 0.9882754), (0.12283498, 0.66436523), (0.15517335, 0.684645), (0.29648086, 0.9882754), (0.15517335, 0.684645), (0.19406869, 0.6843024), (0.19406869, 0.6843024), (0.18713707, 0.6637988), (0.2260324, 0.66345614), (0.19406869, 0.6843024), (0.2260324, 0.66345614), (0.21947542, 0.6840786), (0.29648086, 0.9882754), (0.19406869, 0.6843024), (0.21947542, 0.6840786), (0.29648086, 0.9882754), (0.21947542, 0.6840786), (0.25837076, 0.6837359), (0.25837076, 0.6837359), (0.25143912, 0.6632323), (0.29033446, 0.66288966), (0.25837076, 0.6837359), (0.29033446, 0.66288966), (0.2837775, 0.6835121), (0.29648086, 0.9882754), (0.25837076, 0.6837359), (0.2837775, 0.6835121), (0.29648086, 0.9882754), (0.2837775, 0.6835121), (0.32267284, 0.6831694), (0.3248287, 0.6729618), (0.29648086, 0.9882754), (0.32267284, 0.6831694), (0.3248287, 0.6729618), (0.32267284, 0.6831694), (0.3157412, 0.66266584), (0.3248287, 0.6729618), (0.32519054, 0.69265366), (0.32519054, 0.69265366), (0.3248287, 0.6729618), (0.32519054, 0.69265366), (0.34597272, 0.6854531), (0.34597272, 0.6854531), (0.32519054, 0.69265366), (0.34597272, 0.6854531), (0.34669635, 0.7248368), (0.34669635, 0.7248368), (0.34597272, 0.6854531), (0.34669635, 0.7248368), (0.32566324, 0.7183794), (0.32566324, 0.7183794), (0.34669635, 0.7248368), (0.32566324, 0.7183794), (0.3263869, 0.7577631), (0.3263869, 0.7577631), (0.32566324, 0.7183794), (0.3263869, 0.7577631), (0.34716904, 0.7505626), (0.34716904, 0.7505626), (0.3263869, 0.7577631), (0.34716904, 0.7505626), (0.3478927, 0.7899463), (0.3478927, 0.7899463), (0.34716904, 0.7505626), (0.3478927, 0.7899463), (0.3268596, 0.7834888), (0.3268596, 0.7834888), (0.3478927, 0.7899463), (0.3268596, 0.7834888), (0.32758322, 0.8228725), (0.32758322, 0.8228725), (0.3268596, 0.7834888), (0.32758322, 0.8228725), (0.34836537, 0.81567204), (0.34836537, 0.81567204), (0.32758322, 0.8228725), (0.34836537, 0.81567204), (0.34908903, 0.85505575), (0.34908903, 0.85505575), (0.34836537, 0.81567204), (0.34908903, 0.85505575), (0.32805592, 0.84859824), (0.32805592, 0.84859824), (0.34908903, 0.85505575), (0.32805592, 0.84859824), (0.32877958, 0.88798195), (0.32877958, 0.88798195), (0.32805592, 0.84859824), (0.32877958, 0.88798195), (0.34956172, 0.8807815), (0.34956172, 0.8807815), (0.32877958, 0.88798195), (0.34956172, 0.8807815), (0.35028535, 0.9201652), (0.35028535, 0.9201652), (0.34956172, 0.8807815), (0.35028535, 0.9201652), (0.32925224, 0.91370773), (0.32925224, 0.91370773), (0.35028535, 0.9201652), (0.32925224, 0.91370773), (0.3299759, 0.95309144), (0.3299759, 0.95309144), (0.32925224, 0.91370773), (0.3299759, 0.95309144), (0.35075805, 0.9458909), (0.35075805, 0.9458909), (0.3299759, 0.95309144), (0.35075805, 0.9458909), (0.3514817, 0.9852746), (0.3514817, 0.9852746), (0.35075805, 0.9458909), (0.3514817, 0.9852746), (0.3304486, 0.97881716), (0.3304486, 0.97881716), (0.3514817, 0.9852746), (0.3304486, 0.97881716), (0.34120864, 0.98804146), (0.34120864, 0.98804146), (0.3304486, 0.97881716), (0.34120864, 0.98804146), (0.32181585, 0.9881429), (0.32181585, 0.9881429), (0.34120864, 0.98804146), (0.32181585, 0.9881429), (0.32865232, 1.0086713), (0.32865232, 1.0086713), (0.32181585, 0.9881429), (0.32865232, 1.0086713), (0.2898668, 1.0088742), (0.2898668, 1.0088742), (0.32865232, 1.0086713), (0.2898668, 1.0088742), (0.29648086, 0.9882754), (0.29648086, 0.9882754), (0.2898668, 1.0088742), (0.29648086, 0.9882754), (0.25769532, 0.98847824), (0.25769532, 0.98847824), (0.29648086, 0.9882754), (0.25769532, 0.98847824), (0.2645318, 1.0090066), (0.2645318, 1.0090066), (0.25769532, 0.98847824), (0.2645318, 1.0090066), (0.22574626, 1.0092095), (0.22574626, 1.0092095), (0.2645318, 1.0090066), (0.22574626, 1.0092095), (0.23236032, 0.98861074), (0.23236032, 0.98861074), (0.22574626, 1.0092095), (0.23236032, 0.98861074), (0.19357479, 0.9888136), (0.19357479, 0.9888136), (0.23236032, 0.98861074), (0.19357479, 0.9888136), (0.20041126, 1.009342), (0.20041126, 1.009342), (0.19357479, 0.9888136), (0.20041126, 1.009342), (0.16162573, 1.0095448), (0.16162573, 1.0095448), (0.20041126, 1.009342), (0.16162573, 1.0095448), (0.16823977, 0.9889461), (0.16823977, 0.9889461), (0.16162573, 1.0095448), (0.16823977, 0.9889461), (0.12945424, 0.989149), (0.12945424, 0.989149), (0.16823977, 0.9889461), (0.12945424, 0.989149), (0.13629071, 1.0096773), (0.13629071, 1.0096773), (0.12945424, 0.989149), (0.13629071, 1.0096773), (0.09750519, 1.0098802), (0.09750519, 1.0098802), (0.13629071, 1.0096773), (0.09750519, 1.0098802), (0.10411924, 0.9892815), (0.10411924, 0.9892815), (0.09750519, 1.0098802), (0.10411924, 0.9892815), (0.06533371, 0.9894843), (0.06533371, 0.9894843), (0.10411924, 0.9892815), (0.06533371, 0.9894843), (0.072170176, 1.0100126), (0.072170176, 1.0100126), (0.06533371, 0.9894843), (0.072170176, 1.0100126), (0.033384647, 1.0102155), (0.033384647, 1.0102155), (0.072170176, 1.0100126), (0.033384647, 1.0102155), (0.0399987, 0.9896168), (0.0399987, 0.9896168), (0.033384647, 1.0102155), (0.0399987, 0.9896168), (0.010208298, 1.0002147), (0.010208298, 1.0002147), (0.0399987, 0.9896168), (0.010208298, 1.0002147), (0.00979157, 0.9805927), (0.00979157, 0.9805927), (0.010208298, 1.0002147), (0.00979157, 0.9805927), (0.03084257, 0.9869681), (0.03084257, 0.9869681), (0.00979157, 0.9805927), (0.03084257, 0.9869681), (0.030009113, 0.94772416), (0.030009113, 0.94772416), (0.03084257, 0.9869681), (0.030009113, 0.94772416), (0.00924715, 0.9549583), (0.00924715, 0.9549583), (0.030009113, 0.94772416), (0.00924715, 0.9549583), (0.008413694, 0.91571444), (0.008413694, 0.91571444), (0.00924715, 0.9549583), (0.008413694, 0.91571444), (0.029464694, 0.92208976), (0.029464694, 0.92208976), (0.008413694, 0.91571444), (0.029464694, 0.92208976), (0.028631238, 0.8828459), (0.028631238, 0.8828459), (0.029464694, 0.92208976), (0.028631238, 0.8828459), (0.007869273, 0.89008), (0.007869273, 0.89008), (0.028631238, 0.8828459), (0.007869273, 0.89008), (0.0070358175, 0.8508361), (0.0070358175, 0.8508361), (0.007869273, 0.89008), (0.0070358175, 0.8508361), (0.028086817, 0.8572114), (0.028086817, 0.8572114), (0.0070358175, 0.8508361), (0.028086817, 0.8572114), (0.027253361, 0.81796753), (0.027253361, 0.81796753), (0.028086817, 0.8572114), (0.027253361, 0.81796753), (0.0064913975, 0.8252017), (0.0064913975, 0.8252017), (0.027253361, 0.81796753), (0.0064913975, 0.8252017), (0.005657941, 0.78595775), (0.005657941, 0.78595775), (0.0064913975, 0.8252017), (0.005657941, 0.78595775), (0.026708942, 0.7923331), (0.026708942, 0.7923331), (0.005657941, 0.78595775), (0.026708942, 0.7923331), (0.025875485, 0.7530892), (0.025875485, 0.7530892), (0.026708942, 0.7923331), (0.025875485, 0.7530892), (0.005113521, 0.76032335), (0.005113521, 0.76032335), (0.025875485, 0.7530892), (0.005113521, 0.76032335), (0.0042800647, 0.7210794), (0.0042800647, 0.7210794), (0.005113521, 0.76032335), (0.0042800647, 0.7210794), (0.025331065, 0.7274548), (0.025331065, 0.7274548), (0.0042800647, 0.7210794), (0.025331065, 0.7274548), (0.024497608, 0.6882109), (0.024497608, 0.6882109), (0.025331065, 0.7274548), (0.024497608, 0.6882109), (0.003735645, 0.695445), (0.003735645, 0.695445), (0.024497608, 0.6882109), (0.003735645, 0.695445), (0.013678499, 0.66532683), (0.013678499, 0.66532683), (0.003735645, 0.695445), (0.013678499, 0.66532683), (0.033126168, 0.66515553), (0.033126168, 0.66515553), (0.013678499, 0.66532683), (0.033126168, 0.66515553), (0.026569186, 0.68577796), (0.026569186, 0.68577796), (0.033126168, 0.66515553), (0.026569186, 0.68577796), (0.06546453, 0.6854353), (0.06546453, 0.6854353), (0.026569186, 0.68577796), (0.06546453, 0.6854353), (0.058532905, 0.6649317), (0.058532905, 0.6649317), (0.06546453, 0.6854353), (0.058532905, 0.6649317), (0.09742825, 0.66458905), (0.09742825, 0.66458905), (0.058532905, 0.6649317), (0.09742825, 0.66458905), (0.09087126, 0.6852115), (0.09087126, 0.6852115), (0.09742825, 0.66458905), (0.09087126, 0.6852115), (0.1297666, 0.6848689), (0.1297666, 0.6848689), (0.09087126, 0.6852115), (0.1297666, 0.6848689), (0.12283498, 0.66436523), (0.12283498, 0.66436523), (0.1297666, 0.6848689), (0.12283498, 0.66436523), (0.16173032, 0.6640226), (0.16173032, 0.6640226), (0.12283498, 0.66436523), (0.16173032, 0.6640226), (0.15517335, 0.684645), (0.15517335, 0.684645), (0.16173032, 0.6640226), (0.15517335, 0.684645), (0.19406869, 0.6843024), (0.19406869, 0.6843024), (0.15517335, 0.684645), (0.19406869, 0.6843024), (0.18713707, 0.6637988), (0.18713707, 0.6637988), (0.19406869, 0.6843024), (0.18713707, 0.6637988), (0.2260324, 0.66345614), (0.2260324, 0.66345614), (0.18713707, 0.6637988), (0.2260324, 0.66345614), (0.21947542, 0.6840786), (0.21947542, 0.6840786), (0.2260324, 0.66345614), (0.21947542, 0.6840786), (0.25837076, 0.6837359), (0.25837076, 0.6837359), (0.21947542, 0.6840786), (0.25837076, 0.6837359), (0.25143912, 0.6632323), (0.25143912, 0.6632323), (0.25837076, 0.6837359), (0.25143912, 0.6632323), (0.29033446, 0.66288966), (0.29033446, 0.66288966), (0.25143912, 0.6632323), (0.29033446, 0.66288966), (0.2837775, 0.6835121), (0.2837775, 0.6835121), (0.29033446, 0.66288966), (0.2837775, 0.6835121), (0.32267284, 0.6831694), (0.32267284, 0.6831694), (0.2837775, 0.6835121), (0.32267284, 0.6831694), (0.3157412, 0.66266584), (0.3157412, 0.66266584), (0.32267284, 0.6831694), (0.3157412, 0.66266584), (0.3248287, 0.6729618), (0.3248287, 0.6729618), (0.3157412, 0.66266584)] (
                interpolation = "faceVarying"
            )
            uniform token subdivisionScheme = "none"
        }

        def Material "surface_texture_mat_0_0"
        {
            token outputs:surface.connect = </world/table/surface_texture_mat_0_0/surface.outputs:surface>

            def Shader "surface"
            {
                uniform token info:id = "UsdPreviewSurface"
                color3f inputs:diffuseColor.connect = </world/table/surface_texture_mat_0_0/albedo.outputs:rgb>
                float inputs:metallic = 0
                normal3f inputs:normal.connect = </world/table/surface_texture_mat_0_0/normal.outputs:rgb>
                float inputs:roughness = 0.92
                token outputs:surface
            }

            def Shader "st_reader"
            {
                uniform token info:id = "UsdPrimvarReader_float2"
                token inputs:varname = "st"
                float2 outputs:result
            }

            def Shader "albedo"
            {
                uniform token info:id = "UsdUVTexture"
                asset inputs:file = @../textures/gray_foam_ribbed.png@
                float4 inputs:scale = (0.9792253, 0.98244774, 0.98100615, 1)
                token inputs:sourceColorSpace = "sRGB"
                float2 inputs:st.connect = </world/table/surface_texture_mat_0_0/st_reader.outputs:result>
                color3f outputs:rgb
            }

            def Shader "normal"
            {
                uniform token info:id = "UsdUVTexture"
                float4 inputs:bias = (-1, -1, -1, 0)
                asset inputs:file = @../textures/gray_foam_normal.png@
                float4 inputs:scale = (2, 2, 2, 1)
                token inputs:sourceColorSpace = "raw"
                float2 inputs:st.connect = </world/table/surface_texture_mat_0_0/st_reader.outputs:result>
                normal3f outputs:rgb
            }
        }

        def Material "surface_texture_mat_0_1"
        {
            token outputs:surface.connect = </world/table/surface_texture_mat_0_1/surface.outputs:surface>

            def Shader "surface"
            {
                uniform token info:id = "UsdPreviewSurface"
                color3f inputs:diffuseColor.connect = </world/table/surface_texture_mat_0_1/albedo.outputs:rgb>
                float inputs:metallic = 0
                normal3f inputs:normal.connect = </world/table/surface_texture_mat_0_1/normal.outputs:rgb>
                float inputs:roughness = 0.92
                token outputs:surface
            }

            def Shader "st_reader"
            {
                uniform token info:id = "UsdPrimvarReader_float2"
                token inputs:varname = "st"
                float2 outputs:result
            }

            def Shader "albedo"
            {
                uniform token info:id = "UsdUVTexture"
                asset inputs:file = @../textures/gray_foam_ribbed.png@
                float4 inputs:scale = (0.9792253, 0.98244774, 0.98100615, 1)
                token inputs:sourceColorSpace = "sRGB"
                float2 inputs:st.connect = </world/table/surface_texture_mat_0_1/st_reader.outputs:result>
                color3f outputs:rgb
            }

            def Shader "normal"
            {
                uniform token info:id = "UsdUVTexture"
                float4 inputs:bias = (-1, -1, -1, 0)
                asset inputs:file = @../textures/gray_foam_normal.png@
                float4 inputs:scale = (2, 2, 2, 1)
                token inputs:sourceColorSpace = "raw"
                float2 inputs:st.connect = </world/table/surface_texture_mat_0_1/st_reader.outputs:result>
                normal3f outputs:rgb
            }
        }

        def Material "surface_texture_mat_0_2"
        {
            token outputs:surface.connect = </world/table/surface_texture_mat_0_2/surface.outputs:surface>

            def Shader "surface"
            {
                uniform token info:id = "UsdPreviewSurface"
                color3f inputs:diffuseColor.connect = </world/table/surface_texture_mat_0_2/albedo.outputs:rgb>
                float inputs:metallic = 0
                normal3f inputs:normal.connect = </world/table/surface_texture_mat_0_2/normal.outputs:rgb>
                float inputs:roughness = 0.92
                token outputs:surface
            }

            def Shader "st_reader"
            {
                uniform token info:id = "UsdPrimvarReader_float2"
                token inputs:varname = "st"
                float2 outputs:result
            }

            def Shader "albedo"
            {
                uniform token info:id = "UsdUVTexture"
                asset inputs:file = @../textures/gray_foam_ribbed.png@
                float4 inputs:scale = (0.9792253, 0.98244774, 0.98100615, 1)
                token inputs:sourceColorSpace = "sRGB"
                float2 inputs:st.connect = </world/table/surface_texture_mat_0_2/st_reader.outputs:result>
                color3f outputs:rgb
            }

            def Shader "normal"
            {
                uniform token info:id = "UsdUVTexture"
                float4 inputs:bias = (-1, -1, -1, 0)
                asset inputs:file = @../textures/gray_foam_normal.png@
                float4 inputs:scale = (2, 2, 2, 1)
                token inputs:sourceColorSpace = "raw"
                float2 inputs:st.connect = </world/table/surface_texture_mat_0_2/st_reader.outputs:result>
                normal3f outputs:rgb
            }
        }

        def Material "surface_texture_mat_1_0"
        {
            token outputs:surface.connect = </world/table/surface_texture_mat_1_0/surface.outputs:surface>

            def Shader "surface"
            {
                uniform token info:id = "UsdPreviewSurface"
                color3f inputs:diffuseColor.connect = </world/table/surface_texture_mat_1_0/albedo.outputs:rgb>
                float inputs:metallic = 0
                normal3f inputs:normal.connect = </world/table/surface_texture_mat_1_0/normal.outputs:rgb>
                float inputs:roughness = 0.92
                token outputs:surface
            }

            def Shader "st_reader"
            {
                uniform token info:id = "UsdPrimvarReader_float2"
                token inputs:varname = "st"
                float2 outputs:result
            }

            def Shader "albedo"
            {
                uniform token info:id = "UsdUVTexture"
                asset inputs:file = @../textures/gray_foam_ribbed.png@
                float4 inputs:scale = (0.9792253, 0.98244774, 0.98100615, 1)
                token inputs:sourceColorSpace = "sRGB"
                float2 inputs:st.connect = </world/table/surface_texture_mat_1_0/st_reader.outputs:result>
                color3f outputs:rgb
            }

            def Shader "normal"
            {
                uniform token info:id = "UsdUVTexture"
                float4 inputs:bias = (-1, -1, -1, 0)
                asset inputs:file = @../textures/gray_foam_normal.png@
                float4 inputs:scale = (2, 2, 2, 1)
                token inputs:sourceColorSpace = "raw"
                float2 inputs:st.connect = </world/table/surface_texture_mat_1_0/st_reader.outputs:result>
                normal3f outputs:rgb
            }
        }

        def Material "surface_texture_mat_1_1"
        {
            token outputs:surface.connect = </world/table/surface_texture_mat_1_1/surface.outputs:surface>

            def Shader "surface"
            {
                uniform token info:id = "UsdPreviewSurface"
                color3f inputs:diffuseColor.connect = </world/table/surface_texture_mat_1_1/albedo.outputs:rgb>
                float inputs:metallic = 0
                normal3f inputs:normal.connect = </world/table/surface_texture_mat_1_1/normal.outputs:rgb>
                float inputs:roughness = 0.92
                token outputs:surface
            }

            def Shader "st_reader"
            {
                uniform token info:id = "UsdPrimvarReader_float2"
                token inputs:varname = "st"
                float2 outputs:result
            }

            def Shader "albedo"
            {
                uniform token info:id = "UsdUVTexture"
                asset inputs:file = @../textures/gray_foam_ribbed.png@
                float4 inputs:scale = (1.042854, 1.0360649, 1.0389978, 1)
                token inputs:sourceColorSpace = "sRGB"
                float2 inputs:st.connect = </world/table/surface_texture_mat_1_1/st_reader.outputs:result>
                color3f outputs:rgb
            }

            def Shader "normal"
            {
                uniform token info:id = "UsdUVTexture"
                float4 inputs:bias = (-1, -1, -1, 0)
                asset inputs:file = @../textures/gray_foam_normal.png@
                float4 inputs:scale = (2, 2, 2, 1)
                token inputs:sourceColorSpace = "raw"
                float2 inputs:st.connect = </world/table/surface_texture_mat_1_1/st_reader.outputs:result>
                normal3f outputs:rgb
            }
        }

        def Material "surface_texture_mat_1_2"
        {
            token outputs:surface.connect = </world/table/surface_texture_mat_1_2/surface.outputs:surface>

            def Shader "surface"
            {
                uniform token info:id = "UsdPreviewSurface"
                color3f inputs:diffuseColor.connect = </world/table/surface_texture_mat_1_2/albedo.outputs:rgb>
                float inputs:metallic = 0
                normal3f inputs:normal.connect = </world/table/surface_texture_mat_1_2/normal.outputs:rgb>
                float inputs:roughness = 0.92
                token outputs:surface
            }

            def Shader "st_reader"
            {
                uniform token info:id = "UsdPrimvarReader_float2"
                token inputs:varname = "st"
                float2 outputs:result
            }

            def Shader "albedo"
            {
                uniform token info:id = "UsdUVTexture"
                asset inputs:file = @../textures/gray_foam_ribbed.png@
                float4 inputs:scale = (0.9792253, 0.98244774, 0.98100615, 1)
                token inputs:sourceColorSpace = "sRGB"
                float2 inputs:st.connect = </world/table/surface_texture_mat_1_2/st_reader.outputs:result>
                color3f outputs:rgb
            }

            def Shader "normal"
            {
                uniform token info:id = "UsdUVTexture"
                float4 inputs:bias = (-1, -1, -1, 0)
                asset inputs:file = @../textures/gray_foam_normal.png@
                float4 inputs:scale = (2, 2, 2, 1)
                token inputs:sourceColorSpace = "raw"
                float2 inputs:st.connect = </world/table/surface_texture_mat_1_2/st_reader.outputs:result>
                normal3f outputs:rgb
            }
        }

        def Material "surface_texture_mat_2_0"
        {
            token outputs:surface.connect = </world/table/surface_texture_mat_2_0/surface.outputs:surface>

            def Shader "surface"
            {
                uniform token info:id = "UsdPreviewSurface"
                color3f inputs:diffuseColor.connect = </world/table/surface_texture_mat_2_0/albedo.outputs:rgb>
                float inputs:metallic = 0
                normal3f inputs:normal.connect = </world/table/surface_texture_mat_2_0/normal.outputs:rgb>
                float inputs:roughness = 0.92
                token outputs:surface
            }

            def Shader "st_reader"
            {
                uniform token info:id = "UsdPrimvarReader_float2"
                token inputs:varname = "st"
                float2 outputs:result
            }

            def Shader "albedo"
            {
                uniform token info:id = "UsdUVTexture"
                asset inputs:file = @../textures/gray_foam_ribbed.png@
                float4 inputs:scale = (1.042854, 1.0360649, 1.0389978, 1)
                token inputs:sourceColorSpace = "sRGB"
                float2 inputs:st.connect = </world/table/surface_texture_mat_2_0/st_reader.outputs:result>
                color3f outputs:rgb
            }

            def Shader "normal"
            {
                uniform token info:id = "UsdUVTexture"
                float4 inputs:bias = (-1, -1, -1, 0)
                asset inputs:file = @../textures/gray_foam_normal.png@
                float4 inputs:scale = (2, 2, 2, 1)
                token inputs:sourceColorSpace = "raw"
                float2 inputs:st.connect = </world/table/surface_texture_mat_2_0/st_reader.outputs:result>
                normal3f outputs:rgb
            }
        }

        def Material "surface_texture_mat_2_1"
        {
            token outputs:surface.connect = </world/table/surface_texture_mat_2_1/surface.outputs:surface>

            def Shader "surface"
            {
                uniform token info:id = "UsdPreviewSurface"
                color3f inputs:diffuseColor.connect = </world/table/surface_texture_mat_2_1/albedo.outputs:rgb>
                float inputs:metallic = 0
                normal3f inputs:normal.connect = </world/table/surface_texture_mat_2_1/normal.outputs:rgb>
                float inputs:roughness = 0.92
                token outputs:surface
            }

            def Shader "st_reader"
            {
                uniform token info:id = "UsdPrimvarReader_float2"
                token inputs:varname = "st"
                float2 outputs:result
            }

            def Shader "albedo"
            {
                uniform token info:id = "UsdUVTexture"
                asset inputs:file = @../textures/gray_foam_ribbed.png@
                float4 inputs:scale = (1.042854, 1.0360649, 1.0389978, 1)
                token inputs:sourceColorSpace = "sRGB"
                float2 inputs:st.connect = </world/table/surface_texture_mat_2_1/st_reader.outputs:result>
                color3f outputs:rgb
            }

            def Shader "normal"
            {
                uniform token info:id = "UsdUVTexture"
                float4 inputs:bias = (-1, -1, -1, 0)
                asset inputs:file = @../textures/gray_foam_normal.png@
                float4 inputs:scale = (2, 2, 2, 1)
                token inputs:sourceColorSpace = "raw"
                float2 inputs:st.connect = </world/table/surface_texture_mat_2_1/st_reader.outputs:result>
                normal3f outputs:rgb
            }
        }

        def Material "surface_texture_mat_2_2"
        {
            token outputs:surface.connect = </world/table/surface_texture_mat_2_2/surface.outputs:surface>

            def Shader "surface"
            {
                uniform token info:id = "UsdPreviewSurface"
                color3f inputs:diffuseColor.connect = </world/table/surface_texture_mat_2_2/albedo.outputs:rgb>
                float inputs:metallic = 0
                normal3f inputs:normal.connect = </world/table/surface_texture_mat_2_2/normal.outputs:rgb>
                float inputs:roughness = 0.92
                token outputs:surface
            }

            def Shader "st_reader"
            {
                uniform token info:id = "UsdPrimvarReader_float2"
                token inputs:varname = "st"
                float2 outputs:result
            }

            def Shader "albedo"
            {
                uniform token info:id = "UsdUVTexture"
                asset inputs:file = @../textures/gray_foam_ribbed.png@
                float4 inputs:scale = (0.9792253, 0.98244774, 0.98100615, 1)
                token inputs:sourceColorSpace = "sRGB"
                float2 inputs:st.connect = </world/table/surface_texture_mat_2_2/st_reader.outputs:result>
                color3f outputs:rgb
            }

            def Shader "normal"
            {
                uniform token info:id = "UsdUVTexture"
                float4 inputs:bias = (-1, -1, -1, 0)
                asset inputs:file = @../textures/gray_foam_normal.png@
                float4 inputs:scale = (2, 2, 2, 1)
                token inputs:sourceColorSpace = "raw"
                float2 inputs:st.connect = </world/table/surface_texture_mat_2_2/st_reader.outputs:result>
                normal3f outputs:rgb
            }
        }

        def Mesh "foam_junction_backer_1_1" (
            prepend apiSchemas = ["MaterialBindingAPI"]
        )
        {
            int[] faceVertexCounts = [4]
            int[] faceVertexIndices = [0, 1, 2, 3]
            rel material:binding = </world/table/surface_mat>
            custom bool physics:collisionEnabled = 0
            point3f[] points = [(-0.2014196, -0.16581285, 0.04702), (-0.15141961, -0.16581285, 0.04702), (-0.15141961, -0.115812846, 0.04702), (-0.2014196, -0.115812846, 0.04702)]
            uniform token subdivisionScheme = "none"
        }

        def Mesh "foam_junction_backer_1_2" (
            prepend apiSchemas = ["MaterialBindingAPI"]
        )
        {
            int[] faceVertexCounts = [4]
            int[] faceVertexIndices = [0, 1, 2, 3]
            rel material:binding = </world/table/surface_mat>
            custom bool physics:collisionEnabled = 0
            point3f[] points = [(-0.19381168, 0.1273706, 0.04702), (-0.14381169, 0.1273706, 0.04702), (-0.14381169, 0.1773706, 0.04702), (-0.19381168, 0.1773706, 0.04702)]
            uniform token subdivisionScheme = "none"
        }

        def Mesh "foam_junction_backer_2_1" (
            prepend apiSchemas = ["MaterialBindingAPI"]
        )
        {
            int[] faceVertexCounts = [4]
            int[] faceVertexIndices = [0, 1, 2, 3]
            rel material:binding = </world/table/surface_mat>
            custom bool physics:collisionEnabled = 0
            point3f[] points = [(0.10331428, -0.17262526, 0.04702), (0.15331428, -0.17262526, 0.04702), (0.15331428, -0.122625254, 0.04702), (0.10331428, -0.122625254, 0.04702)]
            uniform token subdivisionScheme = "none"
        }

        def Mesh "foam_junction_backer_2_2" (
            prepend apiSchemas = ["MaterialBindingAPI"]
        )
        {
            int[] faceVertexCounts = [4]
            int[] faceVertexIndices = [0, 1, 2, 3]
            rel material:binding = </world/table/surface_mat>
            custom bool physics:collisionEnabled = 0
            point3f[] points = [(0.11101454, 0.12409597, 0.04702), (0.16101454, 0.12409597, 0.04702), (0.16101454, 0.17409597, 0.04702), (0.11101454, 0.17409597, 0.04702)]
            uniform token subdivisionScheme = "none"
        }
    }

    def Xform "mount_plate" (
        prepend apiSchemas = ["PhysicsRigidBodyAPI"]
    )
    {
        bool physics:kinematicEnabled = 1
        bool physics:rigidBodyEnabled = 1
        double3 xformOp:translate = (-0.035, 0, -0.015)
        uniform token[] xformOpOrder = ["xformOp:translate"]

        def Cube "geom" (
            prepend apiSchemas = ["PhysicsCollisionAPI"]
        )
        {
            float3[] extent = [(-1, -1, -1), (1, 1, 1)]
            double size = 2
            token visibility = "invisible"
            float3 xformOp:scale = (0.125, 0.125, 0.015)
            uniform token[] xformOpOrder = ["xformOp:scale"]
        }
    }

    def Xform "backdrop"
    {
        def Mesh "curtain" (
            prepend apiSchemas = ["MaterialBindingAPI"]
        )
        {
            uniform bool doubleSided = 1
            float3[] extent = [(1.0869169, -0.5396392, -0.8), (1.1469169, 1.15, 1.2)]
            int[] faceVertexCounts = [4, 4, 4, 4, 4, 4, 4, 4, 4, 4, 4, 4, 4, 4, 4, 4, 4, 4, 4, 4, 4, 4, 4, 4, 4, 4, 4, 4, 4, 4, 4, 4, 4, 4, 4, 4, 4, 4, 4, 4, 4, 4, 4, 4, 4, 4, 4, 4, 4, 4, 4, 4, 4, 4, 4, 4, 4, 4, 4, 4, 4, 4, 4, 4, 4, 4, 4, 4, 4, 4, 4, 4, 4, 4, 4, 4, 4, 4, 4, 4, 4, 4, 4, 4, 4, 4, 4, 4, 4, 4, 4, 4, 4, 4, 4, 4]
            int[] faceVertexIndices = [0, 2, 3, 1, 2, 4, 5, 3, 4, 6, 7, 5, 6, 8, 9, 7, 8, 10, 11, 9, 10, 12, 13, 11, 12, 14, 15, 13, 14, 16, 17, 15, 16, 18, 19, 17, 18, 20, 21, 19, 20, 22, 23, 21, 22, 24, 25, 23, 24, 26, 27, 25, 26, 28, 29, 27, 28, 30, 31, 29, 30, 32, 33, 31, 32, 34, 35, 33, 34, 36, 37, 35, 36, 38, 39, 37, 38, 40, 41, 39, 40, 42, 43, 41, 42, 44, 45, 43, 44, 46, 47, 45, 46, 48, 49, 47, 48, 50, 51, 49, 50, 52, 53, 51, 52, 54, 55, 53, 54, 56, 57, 55, 56, 58, 59, 57, 58, 60, 61, 59, 60, 62, 63, 61, 62, 64, 65, 63, 64, 66, 67, 65, 66, 68, 69, 67, 68, 70, 71, 69, 70, 72, 73, 71, 72, 74, 75, 73, 74, 76, 77, 75, 76, 78, 79, 77, 78, 80, 81, 79, 80, 82, 83, 81, 82, 84, 85, 83, 84, 86, 87, 85, 86, 88, 89, 87, 88, 90, 91, 89, 90, 92, 93, 91, 92, 94, 95, 93, 94, 96, 97, 95, 96, 98, 99, 97, 98, 100, 101, 99, 100, 102, 103, 101, 102, 104, 105, 103, 104, 106, 107, 105, 106, 108, 109, 107, 108, 110, 111, 109, 110, 112, 113, 111, 112, 114, 115, 113, 114, 116, 117, 115, 116, 118, 119, 117, 118, 120, 121, 119, 120, 122, 123, 121, 122, 124, 125, 123, 124, 126, 127, 125, 126, 128, 129, 127, 128, 130, 131, 129, 130, 132, 133, 131, 132, 134, 135, 133, 134, 136, 137, 135, 136, 138, 139, 137, 138, 140, 141, 139, 140, 142, 143, 141, 142, 144, 145, 143, 144, 146, 147, 145, 146, 148, 149, 147, 148, 150, 151, 149, 150, 152, 153, 151, 152, 154, 155, 153, 154, 156, 157, 155, 156, 158, 159, 157, 158, 160, 161, 159, 160, 162, 163, 161, 162, 164, 165, 163, 164, 166, 167, 165, 166, 168, 169, 167, 168, 170, 171, 169, 170, 172, 173, 171, 172, 174, 175, 173, 174, 176, 177, 175, 176, 178, 179, 177, 178, 180, 181, 179, 180, 182, 183, 181, 182, 184, 185, 183, 184, 186, 187, 185, 186, 188, 189, 187, 188, 190, 191, 189, 190, 192, 193, 191]
            rel material:binding = </world/backdrop/curtain_mat>
            custom bool physics:collisionEnabled = 0
            point3f[] points = [(1.0869169, -0.5396392, -0.8), (1.0869169, -0.5396392, 1.2), (1.0909362, -0.5220388, -0.8), (1.0909362, -0.5220388, 1.2), (1.1019169, -0.5044384, -0.8), (1.1019169, -0.5044384, 1.2), (1.1169169, -0.48683798, -0.8), (1.1169169, -0.48683798, 1.2), (1.1319169, -0.46923757, -0.8), (1.1319169, -0.46923757, 1.2), (1.1428977, -0.45163715, -0.8), (1.1428977, -0.45163715, 1.2), (1.1469169, -0.43403676, -0.8), (1.1469169, -0.43403676, 1.2), (1.1428977, -0.41643634, -0.8), (1.1428977, -0.41643634, 1.2), (1.1319169, -0.39883593, -0.8), (1.1319169, -0.39883593, 1.2), (1.1169169, -0.3812355, -0.8), (1.1169169, -0.3812355, 1.2), (1.1019169, -0.36363512, -0.8), (1.1019169, -0.36363512, 1.2), (1.0909362, -0.3460347, -0.8), (1.0909362, -0.3460347, 1.2), (1.0869169, -0.3284343, -0.8), (1.0869169, -0.3284343, 1.2), (1.0909362, -0.3108339, -0.8), (1.0909362, -0.3108339, 1.2), (1.1019169, -0.29323348, -0.8), (1.1019169, -0.29323348, 1.2), (1.1169169, -0.27563307, -0.8), (1.1169169, -0.27563307, 1.2), (1.1319169, -0.25803268, -0.8), (1.1319169, -0.25803268, 1.2), (1.1428977, -0.24043226, -0.8), (1.1428977, -0.24043226, 1.2), (1.1469169, -0.22283185, -0.8), (1.1469169, -0.22283185, 1.2), (1.1428977, -0.20523144, -0.8), (1.1428977, -0.20523144, 1.2), (1.1319169, -0.18763103, -0.8), (1.1319169, -0.18763103, 1.2), (1.1169169, -0.17003062, -0.8), (1.1169169, -0.17003062, 1.2), (1.1019169, -0.15243022, -0.8), (1.1019169, -0.15243022, 1.2), (1.0909362, -0.1348298, -0.8), (1.0909362, -0.1348298, 1.2), (1.0869169, -0.1172294, -0.8), (1.0869169, -0.1172294, 1.2), (1.0909362, -0.09962899, -0.8), (1.0909362, -0.09962899, 1.2), (1.1019169, -0.08202858, -0.8), (1.1019169, -0.08202858, 1.2), (1.1169169, -0.06442817, -0.8), (1.1169169, -0.06442817, 1.2), (1.1319169, -0.046827767, -0.8), (1.1319169, -0.046827767, 1.2), (1.1428977, -0.02922736, -0.8), (1.1428977, -0.02922736, 1.2), (1.1469169, -0.01162695, -0.8), (1.1469169, -0.01162695, 1.2), (1.1428977, 0.0059734583, -0.8), (1.1428977, 0.0059734583, 1.2), (1.1319169, 0.023573866, -0.8), (1.1319169, 0.023573866, 1.2), (1.1169169, 0.041174274, -0.8), (1.1169169, 0.041174274, 1.2), (1.1019169, 0.058774684, -0.8), (1.1019169, 0.058774684, 1.2), (1.0909362, 0.07637509, -0.8), (1.0909362, 0.07637509, 1.2), (1.0869169, 0.0939755, -0.8), (1.0869169, 0.0939755, 1.2), (1.0909362, 0.11157591, -0.8), (1.0909362, 0.11157591, 1.2), (1.1019169, 0.12917632, -0.8), (1.1019169, 0.12917632, 1.2), (1.1169169, 0.14677672, -0.8), (1.1169169, 0.14677672, 1.2), (1.1319169, 0.16437714, -0.8), (1.1319169, 0.16437714, 1.2), (1.1428977, 0.18197754, -0.8), (1.1428977, 0.18197754, 1.2), (1.1469169, 0.19957796, -0.8), (1.1469169, 0.19957796, 1.2), (1.1428977, 0.21717836, -0.8), (1.1428977, 0.21717836, 1.2), (1.1319169, 0.23477876, -0.8), (1.1319169, 0.23477876, 1.2), (1.1169169, 0.25237918, -0.8), (1.1169169, 0.25237918, 1.2), (1.1019169, 0.2699796, -0.8), (1.1019169, 0.2699796, 1.2), (1.0909362, 0.28757998, -0.8), (1.0909362, 0.28757998, 1.2), (1.0869169, 0.3051804, -0.8), (1.0869169, 0.3051804, 1.2), (1.0909362, 0.32278082, -0.8), (1.0909362, 0.32278082, 1.2), (1.1019169, 0.3403812, -0.8), (1.1019169, 0.3403812, 1.2), (1.1169169, 0.35798162, -0.8), (1.1169169, 0.35798162, 1.2), (1.1319169, 0.37558204, -0.8), (1.1319169, 0.37558204, 1.2), (1.1428977, 0.39318246, -0.8), (1.1428977, 0.39318246, 1.2), (1.1469169, 0.41078284, -0.8), (1.1469169, 0.41078284, 1.2), (1.1428977, 0.42838326, -0.8), (1.1428977, 0.42838326, 1.2), (1.1319169, 0.44598368, -0.8), (1.1319169, 0.44598368, 1.2), (1.1169169, 0.46358407, -0.8), (1.1169169, 0.46358407, 1.2), (1.1019169, 0.48118448, -0.8), (1.1019169, 0.48118448, 1.2), (1.0909362, 0.4987849, -0.8), (1.0909362, 0.4987849, 1.2), (1.0869169, 0.5163853, -0.8), (1.0869169, 0.5163853, 1.2), (1.0909362, 0.53398573, -0.8), (1.0909362, 0.53398573, 1.2), (1.1019169, 0.5515861, -0.8), (1.1019169, 0.5515861, 1.2), (1.1169169, 0.5691865, -0.8), (1.1169169, 0.5691865, 1.2), (1.1319169, 0.5867869, -0.8), (1.1319169, 0.5867869, 1.2), (1.1428977, 0.60438734, -0.8), (1.1428977, 0.60438734, 1.2), (1.1469169, 0.62198776, -0.8), (1.1469169, 0.62198776, 1.2), (1.1428977, 0.6395882, -0.8), (1.1428977, 0.6395882, 1.2), (1.1319169, 0.6571886, -0.8), (1.1319169, 0.6571886, 1.2), (1.1169169, 0.67478895, -0.8), (1.1169169, 0.67478895, 1.2), (1.1019169, 0.69238937, -0.8), (1.1019169, 0.69238937, 1.2), (1.0909362, 0.7099898, -0.8), (1.0909362, 0.7099898, 1.2), (1.0869169, 0.7275902, -0.8), (1.0869169, 0.7275902, 1.2), (1.0909362, 0.7451906, -0.8), (1.0909362, 0.7451906, 1.2), (1.1019169, 0.76279104, -0.8), (1.1019169, 0.76279104, 1.2), (1.1169169, 0.78039145, -0.8), (1.1169169, 0.78039145, 1.2), (1.1319169, 0.7979918, -0.8), (1.1319169, 0.7979918, 1.2), (1.1428977, 0.8155922, -0.8), (1.1428977, 0.8155922, 1.2), (1.1469169, 0.83319265, -0.8), (1.1469169, 0.83319265, 1.2), (1.1428977, 0.85079306, -0.8), (1.1428977, 0.85079306, 1.2), (1.1319169, 0.8683935, -0.8), (1.1319169, 0.8683935, 1.2), (1.1169169, 0.8859939, -0.8), (1.1169169, 0.8859939, 1.2), (1.1019169, 0.90359426, -0.8), (1.1019169, 0.90359426, 1.2), (1.0909362, 0.9211947, -0.8), (1.0909362, 0.9211947, 1.2), (1.0869169, 0.9387951, -0.8), (1.0869169, 0.9387951, 1.2), (1.0909362, 0.9563955, -0.8), (1.0909362, 0.9563955, 1.2), (1.1019169, 0.9739959, -0.8), (1.1019169, 0.9739959, 1.2), (1.1169169, 0.99159634, -0.8), (1.1169169, 0.99159634, 1.2), (1.1319169, 1.0091968, -0.8), (1.1319169, 1.0091968, 1.2), (1.1428977, 1.0267972, -0.8), (1.1428977, 1.0267972, 1.2), (1.1469169, 1.0443976, -0.8), (1.1469169, 1.0443976, 1.2), (1.1428977, 1.061998, -0.8), (1.1428977, 1.061998, 1.2), (1.1319169, 1.0795983, -0.8), (1.1319169, 1.0795983, 1.2), (1.1169169, 1.0971987, -0.8), (1.1169169, 1.0971987, 1.2), (1.1019169, 1.1147991, -0.8), (1.1019169, 1.1147991, 1.2), (1.0909362, 1.1323996, -0.8), (1.0909362, 1.1323996, 1.2), (1.0869169, 1.15, -0.8), (1.0869169, 1.15, 1.2)]
            uniform token subdivisionScheme = "none"
        }

        def Material "curtain_mat"
        {
            token outputs:surface.connect = </world/backdrop/curtain_mat/s.outputs:surface>

            def Shader "s"
            {
                uniform token info:id = "UsdPreviewSurface"
                color3f inputs:diffuseColor = (0.035601314, 0.051269457, 0.046665087)
                float inputs:metallic = 0
                float inputs:roughness = 0.9
                token outputs:surface
            }
        }

        def Mesh "wall" (
            prepend apiSchemas = ["MaterialBindingAPI"]
        )
        {
            uniform bool doubleSided = 1
            float3[] extent = [(-0.4, -0.5396392, -0.8), (1.8, -0.5396392, 1.2)]
            int[] faceVertexCounts = [4]
            int[] faceVertexIndices = [0, 1, 2, 3]
            rel material:binding = </world/backdrop/wall_mat>
            custom bool physics:collisionEnabled = 0
            point3f[] points = [(-0.4, -0.5396392, -0.8), (1.8, -0.5396392, -0.8), (1.8, -0.5396392, 1.2), (-0.4, -0.5396392, 1.2)]
            uniform token subdivisionScheme = "none"
        }

        def Material "wall_mat"
        {
            token outputs:surface.connect = </world/backdrop/wall_mat/s.outputs:surface>

            def Shader "s"
            {
                uniform token info:id = "UsdPreviewSurface"
                color3f inputs:diffuseColor = (1, 1, 1)
                float inputs:metallic = 0
                float inputs:roughness = 0.8
                token outputs:surface
            }
        }

        def RectLight "wall_fill"
        {
            float inputs:height = 1.8
            float inputs:intensity = 550
            bool inputs:normalize = 1
            float inputs:width = 2
            float xformOp:rotateX = -90
            double3 xformOp:translate = (0.7, -0.4996392, 0.2)
            uniform token[] xformOpOrder = ["xformOp:translate", "xformOp:rotateX"]
        }

        def Xform "wrist_lab_background" (
            prepend references = @wrist_background.usda@
        )
        {
            custom bool physics:collisionEnabled = 0
        }
    }

    def Xform "board" (
        prepend apiSchemas = ["PhysicsMassAPI"]
        prepend references = @../../../fmb/assets/boards/board_0.usd@
    )
    {
        float physics:mass = 2.4
        double3 xformOp:translate = (0.48228871188507605, -0.08244431077400435, 0.032)
        uniform token[] xformOpOrder = ["xformOp:translate"]
    }

    def Xform "peg" (
        prepend references = @../../../fmb/assets/pegs/peg_2376x2376_l100.usd@
    )
    {
        double3 xformOp:translate = (0.41085013482421634, 0.00013800994221892324, 0.28200000000000003)
        uniform token[] xformOpOrder = ["xformOp:translate"]
    }
}
